word,meaning,example
Abandon,পরিত্যাগ করা,They had to abandon the sinking ship. (তাদেরকে ডুবন্ত জাহাজটি পরিত্যাগ করতে হয়েছিল।)
Ability,ক্ষমতা,She has the ability to learn quickly. (তার দ্রুত শেখার ক্ষমতা আছে।)
Absolute,পরম,He is an absolute beginner. (সে একজন পরম শিক্ষানবীশ।)
Accurate,সঠিক,The report is accurate. (প্রতিবেদনটি সঠিক।)
Achieve,অর্জন করা,You can achieve anything you set your mind to. (তুমি যা মনে স্থির করবে তাই অর্জন করতে পারো।)
Acquire,অর্জন করা,He acquired a lot of wealth. (সে অনেক সম্পদ অর্জন করেছিল।)
Adapt,খাপ খাওয়ানো,We must adapt to the new situation. (আমাদেরকে নতুন পরিস্থিতির সাথে খাপ খাইয়ে নিতে হবে।)
Adequate,পর্যাপ্ত,The food was not adequate for everyone. (খাবারটি সবার জন্য পর্যাপ্ত ছিল না।)
Adjust,মানিয়ে নেওয়া,She found it hard to adjust to her new job. (তার নতুন কাজের সাথে মানিয়ে নেওয়া কঠিন হয়েছিল।)
Afford,সামর্থ্য থাকা,I cannot afford to buy a new car. (আমি একটি নতুন গাড়ি কেনার সামর্থ্য রাখি না।)
Aggressive,আক্রমণাত্মক,He has a very aggressive attitude. (তার খুব আক্রমণাত্মক মনোভাব রয়েছে।)
Allow,অনুমতি দেওয়া,They don't allow smoking here. (তারা এখানে ধূমপানের অনুমতি দেয় না।)
Ancient,প্রাচীন,This is an ancient temple. (এটি একটি প্রাচীন মন্দির।)
Apparent,স্পষ্ট,It was apparent that he was unhappy. (এটা স্পষ্ট ছিল যে সে অখুশি ছিল।)
Approach,কাছে আসা,A storm is approaching. (একটি ঝড় কাছে আসছে।)
Argue,তর্ক করা,We are always arguing about money. (আমরা সবসময় টাকা নিয়ে তর্ক করি।)
Arrange,ব্যবস্থা করা,Can you arrange a meeting for tomorrow? (আপনি কি আগামীকালের জন্য একটি সভার ব্যবস্থা করতে পারেন?)
Assist,সহায়তা করা,He assisted me in my work. (সে আমাকে আমার কাজে সহায়তা করেছিল।)
Assume,অনুমান করা,I assume you have finished your homework. (আমি অনুমান করি তুমি তোমার বাড়ির কাজ শেষ করেছো।)
Attempt,চেষ্টা করা,He made no attempt to escape. (সে পালানোর কোনো চেষ্টা করেনি।)
Attitude,মনোভাব,He has a positive attitude towards life. (তার জীবন সম্পর্কে একটি ইতিবাচক মনোভাব আছে।)
Attract,আকর্ষণ করা,The flower's bright colors attract bees. (ফুলের উজ্জ্বল রঙ মৌমাছিদের আকর্ষণ করে।)
Average,গড়,The average age of the students is 10. (ছাত্রদের গড় বয়স ১০।)
Aware,সচেতন,I am aware of the problem. (আমি সমস্যাটি সম্পর্কে সচেতন।)
Benefit,সুবিধা,What are the benefits of this plan? (এই পরিকল্পনার সুবিধাগুলি কী কী?)
Brief,সংক্ষিপ্ত,Please keep your speech brief. (অনুগ্রহ করে আপনার বক্তব্য সংক্ষিপ্ত রাখুন।)
Capable,সক্ষম,She is capable of handling the situation. (সে পরিস্থিতি সামলাতে সক্ষম।)
Challenge,চ্যালেঞ্জ,It was a big challenge for me. (এটা আমার জন্য একটা বড় চ্যালেঞ্জ ছিল।)
Characteristic,বৈশিষ্ট্য,What are the characteristics of this animal? (এই প্রাণীটির বৈশিষ্ট্যগুলি কী কী?)
Claim,দাবি করা,He claimed to be a doctor. (সে নিজেকে ডাক্তার বলে দাবি করেছিল।)
Collapse,ভেঙ্গে পড়া,The building collapsed during the earthquake. (ভূমিকম্পের সময় ভবনটি ভেঙ্গে পড়েছিল।)
Commit,প্রতিশ্রুতিবদ্ধ হওয়া,He committed himself to finishing the project. (সে প্রকল্পটি শেষ করতে প্রতিশ্রুতিবদ্ধ হয়েছিল।)
Community,সম্প্রদায়,He is well-known in the local community. (সে স্থানীয় সম্প্রদায়ে সুপরিচিত।)
Compare,তুলনা করা,Don't compare yourself with others. (নিজেকে অন্যের সাথে তুলনা করো না।)
Complain,অভিযোগ করা,She is always complaining about her job. (সে সবসময় তার কাজ নিয়ে অভিযোগ করে।)
Complex,জটিল,The problem is very complex. (সমস্যাটি খুব জটিল।)
Concern,উদ্বেগ,His health is a major concern. (তার স্বাস্থ্য একটি বড় উদ্বেগের বিষয়।)
Condition,অবস্থা,The car is in good condition. (গাড়িটি ভালো অবস্থায় আছে।)
Conflict,দ্বন্দ্ব,There is a conflict between the two groups. (দুটি দলের মধ্যে দ্বন্দ্ব রয়েছে।)
Confuse,বিভ্রান্ত করা,His instructions confused me. (তার নির্দেশাবলী আমাকে বিভ্রান্ত করেছিল।)
Connect,সংযোগ করা,The two cities are connected by a bridge. (শহর দুটি একটি সেতু দ্বারা সংযুক্ত।)
Conscious,সচেতন,He was conscious of his mistake. (সে তার ভুল সম্পর্কে সচেতন ছিল।)
Consider,বিবেচনা করা,Please consider my request. (অনুগ্রহ করে আমার অনুরোধটি বিবেচনা করুন।)
Constant,অবিরাম,She was in constant pain. (সে অবিরাম যন্ত্রণার মধ্যে ছিল।)
Construct,নির্মাণ করা,They are constructing a new building. (তারা একটি নতুন ভবন নির্মাণ করছে।)
Contain,ধারণ করা,This box contains old photos. (এই বাক্সটিতে পুরানো ছবি রয়েছে।)
Contribute,অবদান রাখা,How can I contribute to the team? (আমি কীভাবে দলে অবদান রাখতে পারি?)
Convenient,সুবিধাজনক,Is this time convenient for you? (এই সময়টি কি আপনার জন্য সুবিধাজনক?)
Convince,বিশ্বাস করানো,I managed to convince him. (আমি তাকে বিশ্বাস করাতে সক্ষম হয়েছিলাম।)
Critical,সমালোচনামূলক,His parents were critical of his choices. (তার বাবা-মা তার পছন্দের সমালোচনামূলক ছিলেন।)
Crucial,অত্যন্ত গুরুত্বপূর্ণ,It is crucial that you arrive on time. (আপনার সময়মতো আসা অত্যন্ত গুরুত্বপূর্ণ।)
Current,বর্তমান,What is your current address? (আপনার বর্তমান ঠিকানা কী?)
Decade,দশক,He lived in that house for a decade. (সে ওই বাড়িতে এক দশক ধরে বসবাস করেছিল।)
Decline,প্রত্যাখ্যান করা,He declined my offer of help. (সে আমার সাহায্যের প্রস্তাব প্রত্যাখ্যান করেছিল।)
Define,সংজ্ঞায়িত করা,How would you define this word? (আপনি এই শব্দটি কীভাবে সংজ্ঞায়িত করবেন?)
Demand,চাহিদা,There is a high demand for skilled workers. (দক্ষ কর্মীদের উচ্চ চাহিদা রয়েছে।)
Demonstrate,প্রদর্শন করা,He demonstrated how to use the machine. (সে দেখিয়েছিল কীভাবে মেশিনটি ব্যবহার করতে হয়।)
Deny,অস্বীকার করা,He denied any involvement in the crime. (সে অপরাধে কোনো জড়িত থাকার কথা অস্বীকার করেছিল।)
Depend,নির্ভর করা,You can always depend on me. (তুমি সবসময় আমার উপর নির্ভর করতে পারো।)
Describe,বর্ণনা করা,Can you describe the man? (আপনি কি লোকটিকে বর্ণনা করতে পারেন?)
Design,নকশা করা,She designed the new logo. (সে নতুন লোগোটির নকশা করেছিল।)
Destroy,ধ্বংস করা,The fire destroyed the entire building. (আগুনটি পুরো ভবনটি ধ্বংস করে দিয়েছিল।)
Determine,নির্ধারণ করা,We need to determine the cause of the problem. (আমাদেরকে সমস্যার কারণটি নির্ধারণ করতে হবে।)
Develop,উন্নয়ন করা,They are developing a new software. (তারা একটি নতুন সফ্টওয়্যার উন্নয়ন করছে।)
Efficient,দক্ষ,This is a very efficient machine. (এটি একটি খুব দক্ষ মেশিন।)
Emerge,আবির্ভূত হওয়া,A new problem has emerged. (একটি নতুন সমস্যা আবির্ভূত হয়েছে।)
Emphasize,জোর দেওয়া,He emphasized the importance of safety. (সে নিরাপত্তার গুরুত্বের উপর জোর দিয়েছিল।)
Enable,সক্ষম করা,This technology enables us to work from home. (এই প্রযুক্তি আমাদেরকে বাড়ি থেকে কাজ করতে সক্ষম করে।)
Encourage,উৎসাহিত করা,My parents always encouraged me. (আমার বাবা-মা আমাকে সবসময় উৎসাহিত করতেন।)
Engage,জড়িত থাকা,He is engaged in a new project. (সে একটি নতুন প্রকল্পে জড়িত আছে।)
Enhance,বৃদ্ধি করা,This will enhance your reputation. (এটি আপনার খ্যাতি বৃদ্ধি করবে।)
Ensure,নিশ্চিত করা,Please ensure that the door is locked. (অনুগ্রহ করে নিশ্চিত করুন যে দরজাটি তালাবদ্ধ আছে।)
Environment,পরিবেশ,We need to protect the environment. (আমাদেরকে পরিবেশ রক্ষা করতে হবে।)
Establish,প্রতিষ্ঠা করা,They established a new company. (তারা একটি নতুন কোম্পানি প্রতিষ্ঠা করেছিল।)
Estimate,আনুমানিক হিসাব করা,Can you estimate the cost? (আপনি কি খরচটি আনুমানিক হিসাব করতে পারেন?)
Evaluate,মূল্যায়ন করা,We need to evaluate the results. (আমাদেরকে ফলাফলগুলি মূল্যায়ন করতে হবে।)
Evidence,প্রমাণ,The police found new evidence. (পুলিশ নতুন প্রমাণ খুঁজে পেয়েছে।)
Evolve,বিবর্তিত হওয়া,The company has evolved over the years. (কোম্পানিটি বছরের পর বছর ধরে বিবর্তিত হয়েছে।)
Exact,নির্ভুল,What were his exact words? (তার নির্ভুল কথাগুলো কী ছিল?)
Examine,পরীক্ষা করা,The doctor examined the patient. (ডাক্তার রোগীকে পরীক্ষা করেছিলেন।)
Exist,অস্তিত্ব থাকা,Do you believe ghosts exist? (আপনি কি বিশ্বাস করেন ভূতের অস্তিত্ব আছে?)
Expand,বিস্তৃত করা,We are planning to expand our business. (আমরা আমাদের ব্যবসা বিস্তৃত করার পরিকল্পনা করছি।)
Expect,প্রত্যাশা করা,I expect to finish the work by Friday. (আমি শুক্রবারের মধ্যে কাজটি শেষ করার প্রত্যাশা করি।)
Explain,ব্যাখ্যা করা,Can you explain this rule? (আপনি কি এই নিয়মটি ব্যাখ্যা করতে পারেন?)
Explore,অন্বেষণ করা,Let's explore the new city. (চলো নতুন শহরটি অন্বেষণ করি।)
Express,প্রকাশ করা,He found it hard to express his feelings. (তার অনুভূতি প্রকাশ করা কঠিন হয়েছিল।)
Extend,বাড়ানো,Can you extend the deadline? (আপনি কি সময়সীমা বাড়াতে পারেন?)
Factor,উপাদান,Price is an important factor. (মূল্য একটি গুরুত্বপূর্ণ উপাদান।)
Failure,ব্যর্থতা,Failure is a part of learning. (ব্যর্থতা শেখার একটি অংশ।)
Focus,মনোযোগ দেওয়া,You need to focus on your studies. (তোমাকে তোমার পড়াশোনায় মনোযোগ দিতে হবে।)
Frequent,ঘনঘন,He is a frequent visitor to this place. (সে এই জায়গায় ঘনঘন আসে।)
Generate,উৎপন্ন করা,The machine generates electricity. (মেশিনটি বিদ্যুৎ উৎপন্ন করে।)
Gradual,ধীর,There has been a gradual improvement in his health. (তার স্বাস্থ্যের ধীর উন্নতি হয়েছে।)
Identify,শনাক্ত করা,Can you identify the person in the photo? (আপনি কি ছবির ব্যক্তিটিকে শনাক্ত করতে পারেন?)
Illustrate,ব্যাখ্যা করা,Let me illustrate this point with an example. (আমাকে একটি উদাহরণ দিয়ে এই বিষয়টি ব্যাখ্যা করতে দিন।)
Impact,প্রভাব,The new law will have a major impact. (নতুন আইনটির একটি বড় প্রভাব পড়বে।)
Imply,ইঙ্গিত করা,What did his silence imply? (তার নীরবতা কী ইঙ্গিত করেছিল?)
Improve,উন্নতি করা,I need to improve my English. (আমার ইংরেজি উন্নতি করতে হবে।)
Include,অন্তর্ভুক্ত করা,Does the price include tax? (মূল্যটিতে কি কর অন্তর্ভুক্ত আছে?)
Increase,বৃদ্ধি করা,They increased the price of the product. (তারা পণ্যটির মূল্য বৃদ্ধি করেছিল।)
Indicate,নির্দেশ করা,The red light indicates danger. (লাল আলো বিপদ নির্দেশ করে।)
Individual,ব্যক্তি,He is a very smart individual. (সে খুব স্মার্ট একজন ব্যক্তি।)
Influence,প্রভাব,He has a strong influence on his friends. (তার বন্ধুদের উপর তার দৃঢ় প্রভাব আছে।)
Inform,জানানো,Please inform me of your decision. (অনুগ্রহ করে আমাকে আপনার সিদ্ধান্তটি জানান।)
Initial,প্রাথমিক,My initial reaction was surprise. (আমার প্রাথমিক প্রতিক্রিয়া ছিল বিস্ময়।)
Insist,জিদ করা,He insisted on paying the bill. (সে বিলটি পরিশোধ করার জন্য জিদ করেছিল।)
Install,স্থাপন করা,We need to install the new software. (আমাদের নতুন সফ্টওয়্যারটি স্থাপন করতে হবে।)
Integrity,সততা,He is a man of integrity. (তিনি একজন সৎ মানুষ।)
Intend,উদ্দেশ্য থাকা,What do you intend to do? (তোমার কী করার উদ্দেশ্য আছে?)
Intense,তীব্র,He felt intense pain. (সে তীব্র যন্ত্রণা অনুভব করেছিল।)
Interest,আগ্রহ,She has an interest in music. (তার সঙ্গীতে আগ্রহ আছে।)
Interpret, ব্যাখ্যা করা,How do you interpret this poem? (তুমি এই কবিতাটি কীভাবে ব্যাখ্যা করো?)
Interrupt,বাধা দেওয়া,Please don't interrupt me. (অনুগ্রহ করে আমাকে বাধা দিও না।)
Invest,বিনিয়োগ করা,He invested all his money in stocks. (সে তার সব টাকা স্টকে বিনিয়োগ করেছিল।)
Investigate,তদন্ত করা,The police are investigating the case. (পুলিশ কেসটি তদন্ত করছে।)
Involve,জড়িত করা,The job involves a lot of travel. (কাজটিতে অনেক ভ্রমণ জড়িত আছে।)
Irritate,বিরক্ত করা,His constant complaining irritates me. (তার অবিরাম অভিযোগ আমাকে বিরক্ত করে।)
Issue,সমস্যা,We need to discuss this issue. (আমাদের এই সমস্যাটি নিয়ে আলোচনা করতে হবে।)
Justify,যৌক্তিকতা দেওয়া,How can you justify your actions? (তুমি তোমার কাজের যৌক্তিকতা কীভাবে দেবে?)
Launch,চালু করা,They will launch the new product next month. (তারা আগামী মাসে নতুন পণ্যটি চালু করবে।)
License,লাইসেন্স,Do you have a driver's license? (তোমার কি ড্রাইভিং লাইসেন্স আছে?)
Limit,সীমা,You need to limit your spending. (তোমাকে তোমার খরচ সীমিত করতে হবে।)
Located,অবস্থিত,The hotel is located near the beach. (হোটেলটি সমুদ্র সৈকতের কাছে অবস্থিত।)
Maintain,বজায় রাখা,He finds it hard to maintain a diet. (তার পক্ষে ডায়েট বজায় রাখা কঠিন।)
Majority,অধিকাংশ,The majority of people agreed. (অধিকাংশ মানুষ রাজি হয়েছিল।)
Manage,পরিচালনা করা,She manages a large team. (সে একটি বড় দল পরিচালনা করে।)
Manual,ম্যানুয়াল,Please read the instruction manual. (অনুগ্রহ করে নির্দেশিকা ম্যানুয়ালটি পড়ুন।)
Manufacture,উৎপাদন করা,The company manufactures cars. (কোম্পানিটি গাড়ি উৎপাদন করে।)
Mature,পরিপক্ক,He is very mature for his age. (সে তার বয়সের তুলনায় খুব পরিপক্ক।)
Measure,পরিমাপ করা,We need to measure the room. (আমাদের ঘরটি পরিমাপ করতে হবে।)
Mention,উল্লেখ করা,Did he mention my name? (সে কি আমার নাম উল্লেখ করেছিল?)
Minor,সামান্য,It's only a minor problem. (এটি কেবল একটি সামান্য সমস্যা।)
Modify,পরিবর্তন করা,We need to modify the plan. (আমাদের পরিকল্পনাটি পরিবর্তন করতে হবে।)
Monitor, পর্যবেক্ষণ করা,The nurse is monitoring his heartbeat. (নার্স তার হৃদস্পন্দন পর্যবেক্ষণ করছে।)
Mystery,রহস্য,His disappearance is a mystery. (তার অন্তর্ধান একটি রহস্য।)
Narrow,সংকীর্ণ,The road is very narrow. (রাস্তাটি খুব সংকীর্ণ।)
Negative,নেতিবাচক,He has a negative attitude. (তার একটি নেতিবাচক মনোভাব আছে।)
Neglect,অবহেলা করা,He neglected his duties. (সে তার দায়িত্বে অবহেলা করেছিল।)
Negotiate,আলোচনা করা,They are trying to negotiate a peace treaty. (তারা একটি শান্তি চুক্তি নিয়ে আলোচনা করার চেষ্টা করছে।)
Notice,লক্ষ্য করা,Did you notice any change? (তুমি কি কোনো পরিবর্তন লক্ষ্য করেছিলে?)
Objective,উদ্দেশ্য,Our main objective is to win. (আমাদের প্রধান উদ্দেশ্য হল জয়ী হওয়া।)
Obtain,অর্জন করা,He was trying to obtain a visa. (সে একটি ভিসা অর্জনের চেষ্টা করছিল।)
Obvious,স্পষ্ট,The answer is obvious. (উত্তরটি স্পষ্ট।)
Occur,ঘটা,The accident occurred at 5 PM. (দুর্ঘটনাটি বিকাল ৫টায় ঘটেছিল।)
Occupy,দখল করা,The army occupied the city. ( সেনাবাহিনী শহরটি দখল করেছিল।)
Offend,আঘাত করা,I didn't mean to offend you. (আমি তোমাকে আঘাত করতে চাইনি।)
Operate,চালানো,Do you know how to operate this machine? (তুমি কি এই মেশিনটি চালাতে জানো?)
Oppose,বিরোধিতা করা,Many people oppose the new law. (অনেকে নতুন আইনের বিরোধিতা করে।)
Option,বিকল্প,You have three options. (তোমার কাছে তিনটি বিকল্প আছে।)
Origin,উৎস,What is the origin of this word? (এই শব্দটির উৎস কী?)
Outcome,ফলাফল,What was the outcome of the meeting? (সভার ফলাফল কী ছিল?)
Participate,অংশগ্রহণ করা,Are you going to participate in the race? (তুমি কি দৌড়ে অংশগ্রহণ করতে যাচ্ছ?)
Passion,আবেগ,He spoke with great passion. (সে மிகுந்த আবেগের সাথে কথা বলেছিল।)
Pause,থামা,She paused for a moment. (সে এক মুহূর্তের জন্য থেমেছিল।)
Perceive,উপলব্ধি করা,How do you perceive the situation? (তুমি পরিস্থিতিটি কীভাবে উপলব্ধি করো?)
Perform,সম্পাদন করা,The doctor performed the surgery. (ডাক্তার অস্ত্রোপচারটি সম্পাদন করেছিলেন।)
Permit,অনুমতি দেওয়া,Smoking is not permitted here. (এখানে ধূমপানের অনুমতি নেই।)
Persist,অবিরত থাকা,If the symptoms persist, see a doctor. (যদি লক্ষণগুলি অবিরত থাকে, তবে ডাক্তার দেখান।)
Persuade,প্ররোচিত করা,He persuaded me to join the club. (সে আমাকে ক্লাবে যোগ দিতে প্ররোচিত করেছিল।)
Phrase,বাক্যাংশ,What does this phrase mean? (এই বাক্যাংশটির অর্থ কী?)
Policy,নীতি,What is the company's policy on this? (এ ব্যাপারে কোম্পানির নীতি কী?)
Portion,অংশ,He ate a large portion of the cake. (সে কেকের একটি বড় অংশ খেয়েছিল।)
Positive,ইতিবাচক,She has a positive outlook on life. (তার জীবন সম্পর্কে একটি ইতিবাচক দৃষ্টিভঙ্গি রয়েছে।)
Potential,সম্ভাবনা,She has the potential to be a great leader. (তার একজন মহান নেতা হওয়ার সম্ভাবনা আছে।)
Practical,বাস্তবসম্মত,We need a practical solution. (আমাদের একটি বাস্তবসম্মত সমাধান দরকার।)
Precede,আগে ঘটা,The rain was preceded by strong winds. (বৃষ্টির আগে প্রবল বাতাস হয়েছিল।)
Predict,ভবিষ্যদ্বাণী করা,It's hard to predict the future. (ভবিষ্যদ্বাণী করা কঠিন।)
Prefer,পছন্দ করা,I prefer tea to coffee. (আমি কফির চেয়ে চা বেশি পছন্দ করি।)
Prepare,প্রস্তুত করা,You need to prepare for the exam. (তোমাকে পরীক্ষার জন্য প্রস্তুত হতে হবে।)
Preserve,সংরক্ষণ করা,We must preserve our forests. (আমাদের অবশ্যই আমাদের বন সংরক্ষণ করতে হবে।)
Pressure,চাপ,He is under a lot of pressure. (সে অনেক চাপের মধ্যে আছে।)
Prevent,প্রতিরোধ করা,How can we prevent this disease? (আমরা কীভাবে এই রোগটি প্রতিরোধ করতে পারি?)
Previous,পূর্ববর্তী,My previous job was in Dhaka. (আমার পূর্ববর্তী চাকরিটি ঢাকায় ছিল।)
Primary,প্রাথমিক,Our primary goal is to help people. (আমাদের প্রাথমিক লক্ষ্য হল মানুষকে সাহায্য করা।)
Principle,নীতি,He is a man of principle. (তিনি একজন নীতিবান মানুষ।)
Priority,অগ্রাধিকার,My first priority is my family. (আমার প্রথম অগ্রাধিকার আমার পরিবার।)
Proceed,এগিয়ে যাওয়া,Please proceed with your work. (অনুগ্রহ করে তোমার কাজ নিয়ে এগিয়ে যাও।)
Process,প্রক্রিয়া,Learning is a slow process. (শেখা একটি ধীর প্রক্রিয়া।)
Produce,উৎপাদন করা,This factory produces toys. (এই কারখানাটি খেলনা উৎপাদন করে।)
Profit,লাভ,The company made a huge profit. (কোম্পানিটি প্রচুর লাভ করেছিল।)
Progress,অগ্রগতি,He is making good progress. (সে ভালো অগ্রগতি করছে।)
Project,প্রকল্প,I am working on a new project. (আমি একটি নতুন প্রকল্পে কাজ করছি।)
Promote,পদোন্নতি দেওয়া,She was promoted to manager. (তাকে ম্যানেজারের পদে পদোন্নতি দেওয়া হয়েছিল।)
Propose,প্রস্তাব করা,He proposed a new plan. (সে একটি নতুন পরিকল্পনা প্রস্তাব করেছিল।)
Protect,রক্ষা করা,We must protect our country. (আমাদের অবশ্যই আমাদের দেশকে রক্ষা করতে হবে।)
Provide,প্রদান করা,The hotel provides free breakfast. (হোটেলটি বিনামূল্যে সকালের নাস্তা প্রদান করে।)
Purchase,ক্রয় করা,Where did you purchase this? (তুমি এটি কোথা থেকে ক্রয় করেছিলে?)
Purpose,উদ্দেশ্য,What is the purpose of your visit? (আপনার পরিদর্শনের উদ্দেশ্য কী?)
Quality,গুণমান,This is a high-quality product. (এটি একটি উচ্চ-গুণমানের পণ্য।)
Quantity,পরিমাণ,They bought a large quantity of food. (তারা বিপুল পরিমাণ খাবার কিনেছিল।)
Range,পরিসীমা,The price range is from 100 to 500 taka. (মূল্যের পরিসীমা ১০০ থেকে ৫০০ টাকা।)
Rate,হার,What is the interest rate? (সুদের হার কত?)
React,প্রতিক্রিয়া করা,How did he react to the news? (সে খবরটিতে কীভাবে প্রতিক্রিয়া করেছিল?)
Realize,উপলব্ধি করা,I didn't realize my mistake. (আমি আমার ভুল উপলব্ধি করতে পারিনি।)
Recall,স্মরণ করা,I cannot recall his name. (আমি তার নাম স্মরণ করতে পারছি না।)
Receive,গ্রহণ করা,Did you receive my letter? (তুমি কি আমার চিঠিটি গ্রহণ করেছিলে?)
Recognize,চিনতে পারা,I did not recognize you at first. (আমি প্রথমে আপনাকে চিনতে পারিনি।)
Recommend,সুপারিশ করা,What do you recommend? (আপনি কী সুপারিশ করেন?)
Record,রেকর্ড করা,They are recording a new song. (তারা একটি নতুন গান রেকর্ড করছে।)
Recover,সুস্থ হওয়া,He is recovering from his illness. (সে তার অসুস্থতা থেকে সুস্থ হচ্ছে।)
Reduce,কমানো,We need to reduce our expenses. (আমাদের খরচ কমানো দরকার।)
Refer,উল্লেখ করা,Please refer to the manual. (অনুগ্রহ করে ম্যানুয়ালটি দেখুন।)
Reflect,প্রতিফলিত করা,The mirror reflects his image. (আয়নাটি তার প্রতিচ্ছবি প্রতিফলিত করে।)
Refuse,অস্বীকার করা,He refused to help me. (সে আমাকে সাহায্য করতে অস্বীকার করেছিল।)
Regard,বিবেচনা করা,I regard him as my brother. (আমি তাকে আমার ভাই হিসাবে বিবেচনা করি।)
Region,অঞ্চল,This is a mountainous region. (এটি একটি পার্বত্য অঞ্চল।)
Register,নিবন্ধন করা,You need to register for the course. (তোমাকে কোর্সের জন্য নিবন্ধন করতে হবে।)
Regret,অনুশোচনা করা,I regret my decision. (আমি আমার সিদ্ধান্তের জন্য অনুশোচনা করি।)
Regular,নিয়মিত,He goes for a regular check-up. (সে নিয়মিত চেকআপের জন্য যায়।)
Reject,প্রত্যাখ্যান করা,She rejected his proposal. (সে তার প্রস্তাব প্রত্যাখ্যান করেছিল।)
Relate,সম্পর্কিত করা,How do these two things relate? (এই দুটি জিনিস কীভাবে সম্পর্কিত?)
Relative,আত্মীয়,He is a close relative of mine. (সে আমার একজন নিকট আত্মীয়।)
Relax,আরাম করা,You need to relax for a bit. (তোমার কিছুক্ষণ আরাম করা দরকার।)
Release,মুক্তি দেওয়া,The government released the prisoners. (সরকার বন্দীদের মুক্তি দিয়েছে।)
Relevant,প্রাসঙ্গিক,Please provide relevant information. (অনুগ্রহ করে প্রাসঙ্গিক তথ্য দিন।)
Reliable,নির্ভরযোগ্য,He is a very reliable person. (তিনি খুব নির্ভরযোগ্য একজন মানুষ।)
Rely,নির্ভর করা,You can rely on me. (তুমি আমার উপর নির্ভর করতে পারো।)
Remove,অপসারণ করা,Please remove your shoes. (অনুগ্রহ করে তোমার জুতো অপসারণ করো।)
Repair,মেরামত করা,Can you repair this watch? (তুমি কি এই ঘড়িটি মেরামত করতে পারো?)
Replace,প্রতিস্থাপন করা,We need to replace the old battery. (আমাদের পুরনো ব্যাটারিটি প্রতিস্থাপন করতে হবে।)
Reply,উত্তর দেওয়া,He did not reply to my letter. (সে আমার চিঠির উত্তর দেয়নি।)
Report,প্রতিবেদন,The news report was shocking. (সংবাদ প্রতিবেদনটি মর্মান্তিক ছিল।)
Represent,প্রতিনিধিত্ব করা,He will represent our company. (সে আমাদের কোম্পানির প্রতিনিধিত্ব করবে।)
Request,অনুরোধ করা,I have a request for you. (তোমার কাছে আমার একটি অনুরোধ আছে।)
Require,প্রয়োজন হওয়া,This job requires patience. (এই চাকরিতে ধৈর্যের প্রয়োজন হয়।)
Research,গবেষণা,He is doing research on cancer. (সে ক্যান্সার নিয়ে গবেষণা করছে।)
Resemble,সদৃশ হওয়া,He resembles his father. (সে তার বাবার মতো দেখতে।)
Reserve,সংরক্ষণ করা,I'd like to reserve a table for two. (আমি দুজনের জন্য একটি টেবিল সংরক্ষণ করতে চাই।)
Resist,প্রতিরোধ করা,He could not resist the temptation. (সে প্রলোভন প্রতিরোধ করতে পারেনি।)
Resolve,সমাধান করা,We need to resolve this issue. (আমাদের এই সমস্যাটির সমাধান করতে হবে।)
Resource,সম্পদ,The country is rich in natural resources. (দেশটি প্রাকৃতিক সম্পদে সমৃদ্ধ।)
Respond,সাড়া দেওয়া,He did not respond to my question. (সে আমার প্রশ্নের সাড়া দেয়নি।)
Restore,পুনরুদ্ধার করা,They are trying to restore peace. (তারা শান্তি পুনরুদ্ধার করার চেষ্টা করছে।)
Restrict,সীমাবদ্ধ করা,Access to this area is restricted. (এই এলাকায় প্রবেশ সীমাবদ্ধ।)
Result,ফলাফল,What was the result of the match? (ম্যাচের ফলাফল কী ছিল?)
Retain,ধরে রাখা,He finds it hard to retain information. (তার পক্ষে তথ্য ধরে রাখা কঠিন।)
Retire,অবসর নেওয়া,He will retire next year. (তিনি আগামী বছর অবসর নেবেন।)
Reveal,প্রকাশ করা,He refused to reveal his source. (সে তার উৎস প্রকাশ করতে অস্বীকার করেছিল।)
Review,পর্যালোচনা করা,Please review this document. (অনুগ্রহ করে এই নথিটি পর্যালোচনা করুন।)
Revise, সংশোধন করা,You need to revise your essay. (তোমার প্রবন্ধটি সংশোধন করতে হবে।)
Risk,ঝুঁকি,There is a risk of accident. (দুর্ঘটনার ঝুঁকি আছে।)
Role,ভূমিকা,He played an important role. (সে একটি গুরুত্বপূর্ণ ভূমিকা পালন করেছিল।)
Routine,রুটিন,What is your daily routine? (তোমার দৈনন্দিন রুটিন কী?)
Satisfy,সন্তুষ্ট করা,The answer did not satisfy him. (উত্তরটি তাকে সন্তুষ্ট করেনি।)
Scale,স্কেল,We need a larger scale map. (আমাদের একটি বড় স্কেলের মানচিত্র দরকার।)
Schedule,সময়সূচী,What is your schedule for tomorrow? (আগামীকালের জন্য তোমার সময়সূচী কী?)
Scheme,পরিকল্পনা,The government launched a new scheme. (সরকার একটি নতুন পরিকল্পনা চালু করেছে।)
Section,বিভাগ,This section of the book is boring. (বইয়ের এই বিভাগটি বিরক্তিকর।)
Seek,খোঁজা,He is seeking a new job. (সে একটি নতুন চাকরি খুঁজছে।)
Select,নির্বাচন করা,You need to select a topic. (তোমাকে একটি বিষয় নির্বাচন করতে হবে।)
Sense,জ্ঞান,He has a good sense of humor. (তার কৌতুক জ্ঞান ভালো।)
Sequence,ক্রম,The events are in the wrong sequence. (ঘটনাগুলো ভুল ক্রমে আছে।)
Series,সিরিজ,He is reading a series of books. (সে একটি বইয়ের সিরিজ পড়ছে।)
Serve,পরিবেশন করা,She served tea to the guests. (সে অতিথিদের চা পরিবেশন করেছিল।)
Settle,মীমাংসা করা,They settled their dispute. (তারা তাদের বিরোধ মীমাংসা করেছিল।)
Shift,স্থানান্তর করা,Can you help me shift this table? (তুমি কি আমাকে এই টেবিলটি স্থানান্তর করতে সাহায্য করতে পারো?)
Significant,গুরুত্বপূর্ণ,It was a significant change in his life. (এটা তার জীবনে একটি গুরুত্বপূর্ণ পরিবর্তন ছিল।)
Similar,সদৃশ,Your bag is similar to mine. (তোমার ব্যাগটি আমারটির সদৃশ।)
Site,স্থান,This is the site of the new school. (এটি নতুন স্কুলের স্থান।)
Skill,দক্ষতা,He has good communication skills. (তার ভালো যোগাযোগ দক্ষতা আছে।)
Solution,সমাধান,We need to find a solution. (আমাদের একটি সমাধান খুঁজে বের করতে হবে।)
Source,উৎস,What is the source of this news? (এই সংবাদের উৎস কী?)
Space,স্থান,There is not enough space here. (এখানে পর্যাপ্ত স্থান নেই।)
Specific,নির্দিষ্ট,Do you have a specific reason? (তোমার কি কোনো নির্দিষ্ট কারণ আছে?)
Specify,নির্দিষ্ট করা,Please specify your requirements. (অনুগ্রহ করে আপনার প্রয়োজনীয়তা নির্দিষ্ট করুন।)
Spend,ব্যয় করা,How do you spend your free time? (তুমি তোমার অবসর সময় কীভাবে ব্যয় করো?)
Stable,স্থিতিশীল,His condition is now stable. (তার অবস্থা এখন স্থিতিশীল।)
Stage,পর্যায়,This is the first stage of the project. (এটি প্রকল্পের প্রথম পর্যায়।)
Stand,দাঁড়ানো,Please stand up. (অনুগ্রহ করে দাঁড়াও।)
Standard,মান,His work is not up to the standard. (তার কাজ মানসম্মত নয়।)
State,বলা,Please state your name. (অনুগ্রহ করে আপনার নাম বলুন।)
Strategy,কৌশল,What is your strategy for the game? (খেলাটির জন্য তোমার কৌশল কী?)
Stress,চাপ,He is under a lot of stress. (সে অনেক মানসিক চাপের মধ্যে আছে।)
Structure,কাঠামো,The structure of the building is strong. (ভবনটির কাঠামো শক্তিশালী।)
Style,ধরন,I like your style of writing. (আমি তোমার লেখার ধরন পছন্দ করি।)
Subject,বিষয়,What is your favorite subject? (তোমার প্রিয় বিষয় কী?)
Submit,জমা দেওয়া,Please submit your application by Friday. (অনুগ্রহ করে শুক্রবারের মধ্যে আপনার আবেদনপত্র জমা দিন।)
Succeed,সফল হওয়া,I am sure you will succeed. (আমি নিশ্চিত তুমি সফল হবে।)
Suffer,ভোগা,He is suffering from a fever. (সে জ্বরে ভুগছে।)
Suggest,পরামর্শ দেওয়া,What do you suggest? (তুমি কী পরামর্শ দাও?)
Suit,উপযোগী হওয়া,This dress suits you. (এই পোশাকটি তোমাকে মানিয়েছে।)
Support,সমর্থন করা,I will always support you. (আমি তোমাকে সবসময় সমর্থন করব।)
Suppose,মনে করা,Suppose you win the lottery... (মনে করো তুমি লটারি জিতলে...)
Surface,পৃষ্ঠতল,The surface of the table is smooth. (টেবিলের পৃষ্ঠতল মসৃণ।)
Survive,বেঁচে থাকা,He survived the accident. (সে দুর্ঘটনা থেকে বেঁচে গিয়েছিল।)
Suspect,সন্দেহ করা,I suspect he is lying. (আমি সন্দেহ করি সে মিথ্যা বলছে।)
System,সিস্টেম,The computer system is down. (কম্পিউটার সিস্টেমটি ডাউন আছে।)
Task,কাজ,I have an important task to do. (আমার একটি গুরুত্বপূর্ণ কাজ করার আছে।)
Technique,কৌশল,He uses a special technique. (সে একটি বিশেষ কৌশল ব্যবহার করে।)
Temporary,অস্থায়ী,This is a temporary job. (এটি একটি অস্থায়ী চাকরি।)
Tend,প্রবণতা থাকা,He tends to talk too much. (তার খুব বেশি কথা বলার প্রবণতা আছে।)
Theory,তত্ত্ব,Do you know this theory? (তুমি কি এই তত্ত্বটি জানো?)
Threat,হুমকি,He received a death threat. (সে একটি মৃত্যুর হুমকি পেয়েছিল।)
Tidy,পরিষ্কার-পরিচ্ছন্ন,Her room is always tidy. (তার ঘর সবসময় পরিষ্কার-পরিচ্ছন্ন থাকে।)
Title,শিরোনাম,What is the title of the book? (বইটির শিরোনাম কী?)
Topic,বিষয়,Let's change the topic. (চলো বিষয়টি পরিবর্তন করি।)
Transfer,স্থানান্তর করা,He was transferred to another branch. (তাকে অন্য শাখায় স্থানান্তর করা হয়েছিল।)
Transform,রূপান্তর করা,The city has transformed in the last 10 years. (শহরটি গত ১০ বছরে রূপান্তরিত হয়েছে।)
Trend,প্রবণতা,This is a new trend in fashion. (এটি ফ্যাশনের একটি নতুন প্রবণতা।)
Trial,বিচার,He is on trial for theft. (চুরির জন্য তার বিচার চলছে।)
Truth,সত্য,Always tell the truth. (সবসময় সত্য কথা বলো।)
Typical,সাধারণ,It was a typical Monday morning. (এটি একটি সাধারণ সোমবারের সকাল ছিল।)
Understand,বুঝতে পারা,I don't understand the question. (আমি প্রশ্নটি বুঝতে পারছি না।)
Unique,অনন্য,This is a unique opportunity. (এটি একটি অনন্য সুযোগ।)
Valid,বৈধ,Your passport is no longer valid. (তোমার পাসপোর্ট আর বৈধ নয়।)
Vary,পরিবর্তিত হওয়া,Prices vary from shop to shop. (দোকানে দোকানে দাম পরিবর্তিত হয়।)
Vast,বিশাল,He has a vast knowledge of history. (তার ইতিহাস সম্পর্কে বিশাল জ্ঞান রয়েছে।)
Vehicle,যানবাহন,A car is a type of vehicle. (একটি গাড়ি এক ধরনের যানবাহন।)
Version,সংস্করণ,This is the latest version of the software. (এটি সফ্টওয়্যারের সর্বশেষ সংস্করণ।)
Victim,শিকার,He was a victim of the flood. (সে বন্যার শিকার হয়েছিল।)
View,দৃশ্য,The view from the top is amazing. (উপর থেকে দৃশ্যটি চমৎকার।)
Violent,হিংস্র,He has a violent temper. (তার হিংস্র মেজাজ আছে।)
Visible,দৃশ্যমান,The mountains are visible from here. (এখান থেকে পর্বতমালা দৃশ্যমান।)
Vision,দৃষ্টি,He has poor vision in his left eye. (তার বাম চোখে দৃষ্টিশক্তি কম।)
Visit,পরিদর্শন করা,We visited the museum yesterday. (আমরা গতকাল জাদুঘর পরিদর্শন করেছিলাম।)
Volume,আয়তন,What is the volume of this box? (এই বাক্সটির আয়তন কত?)
Wage,মজুরি,What is the minimum wage here? (এখানে ন্যূনতম মজুরি কত?)
Warn,সতর্ক করা,I warned him about the danger. (আমি তাকে বিপদ সম্পর্কে সতর্ক করেছিলাম।)
Weak,দুর্বল,He felt weak after the illness. (অসুস্থতার পর সে দুর্বল বোধ করছিল।)
Wealth,সম্পদ,He has great wealth. (তার প্রচুর সম্পদ আছে।)
Weapon,অস্ত্র,A knife is a dangerous weapon. (একটি ছুরি একটি বিপজ্জনক অস্ত্র।)
Weigh,ওজন করা,How much do you weigh? (তোমার ওজন কত?)
Whatever,যাই হোক,Do whatever you want. (তুমি যাই চাও তাই করো।)
Whereas,যেখানে,He is rich, whereas his brother is poor. (সে ধনী, যেখানে তার ভাই গরীব।)
Whether,কিনা,I don't know whether he will come. (আমি জানি না সে আসবে কিনা।)
Whisper,ফিসফিস করা,She whispered something in his ear. (সে তার কানে কিছু ফিসফিস করে বললো।)
Willing,ইচ্ছুক,Are you willing to help? (তুমি কি সাহায্য করতে ইচ্ছুক?)
Witness,সাক্ষী,He was a witness to the accident. (সে দুর্ঘটনাটির একজন সাক্ষী ছিল।)
Worry,চিন্তা করা,Don't worry about me. (আমার জন্য চিন্তা করো না।)
Worth,মূল্যবান,This book is worth reading. (এই বইটি পড়ার মতো মূল্যবান।)
Wrap,মোড়ানো,She wrapped the gift in paper. (সে উপহারটি কাগজে মোড়ালো।)
Yell,চিৎকার করা,Please don't yell at me. (অনুগ্রহ করে আমার উপর চিৎকার করো না।)
Yield,ফলন,The land yields a good crop. (জমিটি ভালো ফলন দেয়।)
Zone,অঞ্চল,This is a no-smoking zone. (এটি একটি ধূমপানমুক্ত অঞ্চল।)
Accurate,সঠিক,The report is accurate. (প্রতিবেদনটি সঠিক।)
Acknowledge,স্বীকার করা,He acknowledged his mistake. (সে তার ভুল স্বীকার করেছিল।)
Additional,অতিরিক্ত,Do you need any additional help? (আপনার কি কোনো অতিরিক্ত সাহায্যের প্রয়োজন আছে?)
Admire,প্রশংসা করা,I admire your courage. (আমি তোমার সাহসের প্রশংসা করি।)
Admit,স্বীকার করা,He admitted his guilt. (সে তার দোষ স্বীকার করেছিল।)
Adopt,দত্তক নেওয়া,They decided to adopt a child. (তারা একটি শিশু দত্তক নেওয়ার সিদ্ধান্ত নিয়েছিল।)
Advance,অগ্রিম,We need an advance payment. (আমাদের একটি অগ্রিম পেমেন্ট প্রয়োজন।)
Advantage,সুবিধা,What is the advantage of this? (এটির সুবিধা কী?)
Adventure,দুঃসাহসিক কাজ,He loves adventure. (সে দুঃসাহসিক কাজ ভালোবাসে।)
Advertise,বিজ্ঞাপন দেওয়া,They are advertising their new product. (তারা তাদের নতুন পণ্যের বিজ্ঞাপন দিচ্ছে।)
Advice,উপদেশ,Can you give me some advice? (তুমি কি আমাকে কিছু উপদেশ দিতে পারো?)
Affect,প্রভাবিত করা,The weather affected our plans. (আবহাওয়া আমাদের পরিকল্পনাকে প্রভাবিত করেছিল।)
Agenda,আলোচ্যসূচি,What is the agenda for the meeting? (সভার আলোচ্যসূচি কী?)
Aggressive,আক্রমণাত্মক,He has a very aggressive attitude. (তার খুব আক্রমণাত্মক মনোভাব রয়েছে।)
Aim,লক্ষ্য,What is your aim in life? (তোমার জীবনের লক্ষ্য কী?)
Alert,সতর্ক,You must be alert to the danger. (তোমাকে বিপদ সম্পর্কে সতর্ক থাকতে হবে।)
Alternative,বিকল্প,Is there any alternative solution? (কোনো বিকল্প সমাধান আছে কি?)
Amazed,বিস্মিত,I was amazed by his performance. (আমি তার পারফরম্যান্সে বিস্মিত হয়েছিলাম।)
Ambition,উচ্চাকাঙ্ক্ষা,He has a strong ambition to succeed. (তার সফল হওয়ার দৃঢ় উচ্চাকাঙ্ক্ষা আছে।)
Analyze,বিশ্লেষণ করা,We need to analyze the data. (আমাদের ডেটা বিশ্লেষণ করতে হবে।)
Announce,ঘোষণা করা,They will announce the results tomorrow. (তারা আগামীকাল ফলাফল ঘোষণা করবে।)
Annoy,বিরক্ত করা,His behavior annoys me. (তার আচরণ আমাকে বিরক্ত করে।)
Annual,বার্ষিক,It is an annual event. (এটি একটি বার্ষিক অনুষ্ঠান।)
Anxious,উদ্বিগ্ন,He was anxious about the exam results. (সে পরীক্ষার ফলাফল নিয়ে উদ্বিগ্ন ছিল।)
Apologize,ক্ষমা চাওয়া,You should apologize to him. (তোমার তার কাছে ক্ষমা চাওয়া উচিত।)
Appeal,আবেদন,He made an appeal for help. (সে সাহায্যের জন্য আবেদন করেছিল।)
Appear,উপস্থিত হওয়া,He suddenly appeared in front of me. (সে হঠাৎ আমার সামনে উপস্থিত হলো।)
Apply,আবেদন করা,I want to apply for this job. (আমি এই চাকরির জন্য আবেদন করতে চাই।)
Appoint,নিয়োগ করা,He was appointed as the new manager. (তাকে নতুন ম্যানেজার হিসেবে নিয়োগ দেওয়া হয়েছিল।)
Appreciate,প্রশংসা করা,I really appreciate your help. (আমি সত্যিই আপনার সাহায্যের প্রশংসা করি।)
Approval,অনুমোদন,We need your approval. (আমাদের আপনার অনুমোদন প্রয়োজন।)
Approximate,আনুমানিক,What is the approximate cost? (আনুমানিক খরচ কত?)
Argue,তর্ক করা,We are always arguing about money. (আমরা সবসময় টাকা নিয়ে তর্ক করি।)
Arrange,ব্যবস্থা করা,Can you arrange a meeting for tomorrow? (আপনি কি আগামীকালের জন্য একটি সভার ব্যবস্থা করতে পারেন?)
Arrest,গ্রেফতার করা,The police arrested him. (পুলিশ তাকে গ্রেফতার করেছিল।)
Arrive,পৌঁছানো,What time did you arrive? (তুমি কখন পৌঁছেছিলে?)
Article,প্রবন্ধ,I read an interesting article today. (আমি আজ একটি আকর্ষণীয় প্রবন্ধ পড়েছি।)
Artificial,কৃত্রিম,This flower is artificial. (এই ফুলটি কৃত্রিম।)
Ashamed,লজ্জিত,He was ashamed of his behavior. (সে তার আচরণের জন্য লজ্জিত ছিল।)
Aside,পাশে,Please step aside. (অনুগ্রহ করে পাশে সরুন।)
Aspect,দিক,Let's consider every aspect. (চলো প্রতিটি দিক বিবেচনা করি।)
Assist,সহায়তা করা,He assisted me in my work. (সে আমাকে আমার কাজে সহায়তা করেছিল।)
Associate,জড়িত করা,I don't want to be associated with them. (আমি তাদের সাথে জড়িত হতে চাই না।)
Attempt,চেষ্টা করা,He made no attempt to escape. (সে পালানোর কোনো চেষ্টা করেনি।)
Attract,আকর্ষণ করা,The flower's bright colors attract bees. (ফুলের উজ্জ্বল রঙ মৌমাছিদের আকর্ষণ করে।)
Audience,শ্রোতা,The audience enjoyed the show. (শ্রোতারা অনুষ্ঠানটি উপভোগ করেছিল।)
Available,উপলব্ধ,The book is not available. (বইটি উপলব্ধ নয়।)
Avoid,এড়িয়ে চলা,You should avoid fatty foods. (তোমার চর্বিযুক্ত খাবার এড়িয়ে চলা উচিত।)
Award,পুরস্কার,He received an award for his work. (সে তার কাজের জন্য একটি পুরস্কার পেয়েছিল।)
Aware,সচেতন,I am aware of the problem. (আমি সমস্যাটি সম্পর্কে সচেতন।)
Awful,ভয়ঙ্কর,The weather was awful. (আবহাওয়া ভয়ঙ্কর ছিল।)
Background,পটভূমি,What is his family background? (তার পারিবারিক পটভূমি কী?)
Balance,ভারসাম্য,Try to maintain a balance. (ভারসাম্য বজায় রাখার চেষ্টা করো।)
Ban,নিষেধাজ্ঞা,There is a ban on smoking here. (এখানে ধূমপানের উপর নিষেধাজ্ঞা আছে।)
Barrier,বাধা,Fear is a barrier to success. (ভয় সাফল্যের পথে একটি বাধা।)
Base,ভিত্তি,The base of the statue is made of stone. (মূর্তিটির ভিত্তি পাথর দিয়ে তৈরি।)
Battle,যুদ্ধ,He died in battle. (সে যুদ্ধে মারা গিয়েছিল।)
Beauty,সৌন্দর্য,She is known for her beauty. (সে তার সৌন্দর্যের জন্য পরিচিত।)
Behavior,আচরণ,His behavior was strange. (তার আচরণ অদ্ভুত ছিল।)
Belief,বিশ্বাস,What are your religious beliefs? (তোমার ধর্মীয় বিশ্বাস কী?)
Belong,অধীনে থাকা,Does this book belong to you? (এই বইটি কি তোমার?)
Benefit,সুবিধা,What are the benefits of this plan? (এই পরিকল্পনার সুবিধাগুলি কী কী?)
Blame,দোষ দেওয়া,Don't blame me for this. (এজন্য আমাকে দোষ দিও না।)
Blind,অন্ধ,He is blind in one eye. (সে এক চোখে অন্ধ।)
Border,সীমানা,We crossed the border. (আমরা সীমানা পার হয়েছিলাম।)
Bother,বিরক্ত করা,Don't bother your father. (তোমার বাবাকে বিরক্ত করো না।)
Boundary,সীমানা,This is the boundary of the field. (এটি মাঠের সীমানা।)
Brain,মস্তিষ্ক,The brain controls the body. (মস্তিষ্ক শরীরকে নিয়ন্ত্রণ করে।)
Branch,শাখা,He works in our London branch. (সে আমাদের লন্ডন শাখায় কাজ করে।)
Brave,সাহসী,He is a brave soldier. (সে একজন সাহসী সৈনিক।)
Brief,সংক্ষিপ্ত,Please keep your speech brief. (অনুগ্রহ করে আপনার বক্তব্য সংক্ষিপ্ত রাখুন।)
Budget,বাজেট,We have a limited budget. (আমাদের একটি সীমিত বাজেট আছে।)
Burden,বোঝা,I don't want to be a burden on you. (আমি তোমার উপর বোঝা হতে চাই না।)
Bury,কবর দেওয়া,They buried him in the churchyard. (তারা তাকে গির্জার আঙ্গিনায় কবর দিয়েছে।)
Calculate,হিসাব করা,Can you calculate the total cost? (তুমি কি মোট খরচ হিসাব করতে পারো?)
Cancel,বাতিল করা,They had to cancel the meeting. (তাদেরকে সভাটি বাতিল করতে হয়েছিল।)
Capable,সক্ষম,She is capable of handling the situation. (সে পরিস্থিতি সামলাতে সক্ষম।)
Capacity,ধারণক্ষমতা,The hall has a capacity of 500 people. (হলটির ধারণক্ষমতা ৫০০ জন।)
Capture,বন্দী করা,The police captured the thief. (পুলিশ চোরটিকে বন্দী করেছিল।)
Careful,সতর্ক,Please be careful. (অনুগ্রহ করে সতর্ক থেকো।)
Category,বিভাগ,The books are sorted by category. (বইগুলি বিভাগ অনুযায়ী সাজানো আছে।)
Cause,কারণ,What was the cause of the fire? (আগুনের কারণ কী ছিল?)
Cease,বন্ধ করা,They ceased fighting. (তারা লড়াই বন্ধ করেছিল।)
Certain,নিশ্চিত,Are you certain about this? (তুমি কি এ ব্যাপারে নিশ্চিত?)
Challenge,চ্যালেঞ্জ,It was a big challenge for me. (এটা আমার জন্য একটা বড় চ্যালেঞ্জ ছিল।)
Chance,সুযোগ,Is there any chance of rain? (বৃষ্টির কোনো সুযোগ আছে কি?)
Chapter,অধ্যায়,Please read the next chapter. (অনুগ্রহ করে পরবর্তী অধ্যায়টি পড়ো।)
Characteristic,বৈশিষ্ট্য,What are the characteristics of this animal? (এই প্রাণীটির বৈশিষ্ট্যগুলি কী কী?)
Charge,অভিযোগ,He was arrested on a charge of theft. (চুরির অভিযোগে তাকে গ্রেফতার করা হয়েছিল।)
Charity,দান,They are raising money for charity. (তারা দানের জন্য টাকা তুলছে।)
Choice,পছন্দ,You have no choice in this matter. (এই ব্যাপারে তোমার কোনো পছন্দ নেই।)
Citizen,নাগরিক,He is a citizen of Bangladesh. (সে বাংলাদেশের নাগরিক।)
Civil,বেসামরিক,He works in the civil service. (সে বেসামরিক চাকরিতে কাজ করে।)
Classic,ক্লাসিক,This is a classic movie. (এটি একটি ক্লাসিক সিনেমা।)
Climate,জলবায়ু,The climate here is very hot. (এখানকার জলবায়ু খুব গরম।)
Collapse,ভেঙ্গে পড়া,The building collapsed during the earthquake. (ভূমিকম্পের সময় ভবনটি ভেঙ্গে পড়েছিল।)
Colleague,সহকর্মী,He is my colleague. (সে আমার সহকর্মী।)
Collect,সংগ্রহ করা,He collects old stamps. (সে পুরনো স্ট্যাম্প সংগ্রহ করে।)
Combine,একত্রিত করা,We should combine our efforts. (আমাদের প্রচেষ্টাগুলিকে একত্রিত করা উচিত।)
Comfort,আরাম,He lives in comfort. (সে আরামে জীবনযাপন করে।)
Command,আদেশ,He gave the command to fire. (সে গুলি করার আদেশ দিল।)
Comment,মন্তব্য,Do you have any comments? (আপনার কি কোনো মন্তব্য আছে?)
Commercial,বাণিজ্যিক,This is a commercial building. (এটি একটি বাণিজ্যিক ভবন।)
Commission,কমিশন,He gets a commission on sales. (সে বিক্রয়ের উপর কমিশন পায়।)
Commit,প্রতিশ্রুতিবদ্ধ হওয়া,He committed himself to finishing the project. (সে প্রকল্পটি শেষ করতে প্রতিশ্রুতিবদ্ধ হয়েছিল।)
Commitment,প্রতিশ্রুতি,He has a strong commitment to his work. (তার কাজের প্রতি তার দৃঢ় প্রতিশ্রুতি আছে।)
Common,সাধারণ,This is a common mistake. (এটি একটি সাধারণ ভুল।)
Communicate,যোগাযোগ করা,How do you communicate with him? (তুমি তার সাথে কীভাবে যোগাযোগ করো?)
Community,সম্প্রদায়,He is well-known in the local community. (সে স্থানীয় সম্প্রদায়ে সুপরিচিত।)
Compare,তুলনা করা,Don't compare yourself with others. (নিজেকে অন্যের সাথে তুলনা করো না।)
Compete,প্রতিযোগিতা করা,Are you going to compete in the race? (তুমি কি দৌড়ে প্রতিযোগিতা করতে যাচ্ছ?)
Complain,অভিযোগ করা,She is always complaining about her job. (সে সবসময় তার কাজ নিয়ে অভিযোগ করে।)
Complete,সম্পূর্ণ করা,When will you complete the work? (তুমি কখন কাজটি সম্পূর্ণ করবে?)
Complex,জটিল,The problem is very complex. (সমস্যাটি খুব জটিল।)
Comply,মেনে চলা,You must comply with the rules. (তোমাকে অবশ্যই নিয়মগুলি মেনে চলতে হবে।)
Component,উপাদান,What are the components of this machine? (এই মেশিনটির উপাদানগুলি কী কী?)
Compose,রচনা করা,He composed a new song. (সে একটি নতুন গান রচনা করেছিল।)
Concentrate,মনোযোগ দেওয়া,Please concentrate on your work. (অনুগ্রহ করে তোমার কাজে মনোযোগ দাও।)
Concept,ধারণা,I don't understand this concept. (আমি এই ধারণাটি বুঝতে পারছি না।)
Concern,উদ্বেগ,His health is a major concern. (তার স্বাস্থ্য একটি বড় উদ্বেগের বিষয়।)
Conclude,উপসংহার টানা,What can we conclude from this? (এ থেকে আমরা কী উপসংহার টানতে পারি?)
Condition,অবস্থা,The car is in good condition. (গাড়িটি ভালো অবস্থায় আছে।)
Conduct,পরিচালনা করা,They are conducting an experiment. (তারা একটি পরীক্ষা পরিচালনা করছে।)
Conference,সম্মেলন,He is attending a conference. (সে একটি সম্মেলনে অংশ নিচ্ছে।)
Confident,আত্মবিশ্বাসী,I am confident of success. (আমি সফলতা সম্পর্কে আত্মবিশ্বাসী।)
Confirm,নিশ্চিত করা,Please confirm your booking. (অনুগ্রহ করে আপনার বুকিং নিশ্চিত করুন।)
Conflict,দ্বন্দ্ব,There is a conflict between the two groups. (দুটি দলের মধ্যে দ্বন্দ্ব রয়েছে।)
Confuse,বিভ্রান্ত করা,His instructions confused me. (তার নির্দেশাবলী আমাকে বিভ্রান্ত করেছিল।)
Connect,সংযোগ করা,The two cities are connected by a bridge. (শহর দুটি একটি সেতু দ্বারা সংযুক্ত।)
Conscious,সচেতন,He was conscious of his mistake. (সে তার ভুল সম্পর্কে সচেতন ছিল।)
Consent,সম্মতি,He gave his consent to the plan. (সে পরিকল্পনাটিতে তার সম্মতি দিয়েছিল।)
Consequence,পরিণতি,Every action has a consequence. (প্রতিটি কাজের একটি পরিণতি আছে।)
Conservative,রক্ষণশীল,He has very conservative views. (তার খুব রক্ষণশীল মতামত রয়েছে।)
Considerable,উল্লেখযোগ্য,He saved a considerable amount of money. (সে উল্লেখযোগ্য পরিমাণ টাকা জমিয়েছিল।)
Consist,গঠিত,The team consists of 10 members. (দলটি ১০ জন সদস্য নিয়ে গঠিত।)
Constant,অবিরাম,She was in constant pain. (সে অবিরাম যন্ত্রণার মধ্যে ছিল।)
Construct,নির্মাণ করা,They are constructing a new building. (তারা একটি নতুন ভবন নির্মাণ করছে।)
Consult,পরামর্শ করা,You should consult a doctor. (তোমার একজন ডাক্তারের সাথে পরামর্শ করা উচিত।)
Consume,ভোগ করা,How much electricity do you consume? (তুমি কত বিদ্যুৎ ভোগ করো?)
Contact,যোগাযোগ,Please keep in contact. (অনুগ্রহ করে যোগাযোগ রেখো।)
Contain,ধারণ করা,This box contains old photos. (এই বাক্সটিতে পুরানো ছবি রয়েছে।)
Contemporary,সমসাময়িক,He is a contemporary writer. (তিনি একজন সমসাময়িক লেখক।)
Content,সন্তুষ্ট,Are you content with your job? (তুমি কি তোমার কাজ নিয়ে সন্তুষ্ট?)
Contest,প্রতিযোগিতা,She won the beauty contest. (সে সৌন্দর্য প্রতিযোগিতায় জিতেছিল।)
Context,প্রসঙ্গ,You must understand the context. (তোমাকে অবশ্যই প্রসঙ্গটি বুঝতে হবে।)
Continue,চালিয়ে যাওয়া,Please continue your story. (অনুগ্রহ করে তোমার গল্পটি চালিয়ে যাও।)
Contract,চুক্তি,He signed a contract. (সে একটি চুক্তিতে স্বাক্ষর করেছিল।)
Contrast,বৈসাদৃশ্য,What is the contrast between these two? (এই দুটির মধ্যে বৈসাদৃশ্য কী?)
Control,নিয়ন্ত্রণ,He has no control over his son. (তার ছেলের উপর তার কোনো নিয়ন্ত্রণ নেই।)
Convenient,সুবিধাজনক,Is this time convenient for you? (এই সময়টি কি আপনার জন্য সুবিধাজনক?)
Conversation,কথোপকথন,I had a long conversation with him. (তার সাথে আমার দীর্ঘ কথোপকথন হয়েছিল।)
Convince,বিশ্বাস করানো,I managed to convince him. (আমি তাকে বিশ্বাস করাতে সক্ষম হয়েছিলাম।)
Cooperate,সহযোগিতা করা,We must cooperate to finish the project. (প্রকল্পটি শেষ করতে আমাদের অবশ্যই সহযোগিতা করতে হবে।)
Core,মূল,What is the core of the problem? (সমস্যাটির মূল কী?)
Corporate,কর্পোরেট,He works in the corporate world. (সে কর্পোরেট জগতে কাজ করে।)
Correct,সঠিক,Your answer is correct. (তোমার উত্তর সঠিক।)
Council,পরিষদ,He is a member of the city council. (সে নগর পরিষদের একজন সদস্য।)
Couple,দম্পতি,They are a happy couple. (তারা একটি সুখী দম্পতি।)
Courage,সাহস,He showed great courage. (সে অসামান্য সাহস দেখিয়েছিল।)
Create,তৈরি করা,We need to create more jobs. (আমাদের আরও চাকরি তৈরি করতে হবে।)
Creative,সৃজনশীল,She is a very creative person. (সে খুব সৃজনশীল একজন মানুষ।)
Credit,ধার,Can I buy this on credit? (আমি কি এটি ধারে কিনতে পারি?)
Crime,অপরাধ,Theft is a crime. (চুরি একটি অপরাধ।)
Crisis,সংকট,The country is in an economic crisis. (দেশটি অর্থনৈতিক সংকটে আছে।)
Criteria,মানদণ্ড,What are the criteria for selection? (নির্বাচনের মানদণ্ড কী কী?)
Critical,সমালোচনামূলক,His parents were critical of his choices. (তার বাবা-মা তার পছন্দের সমালোচনামূলক ছিলেন।)
Criticize,সমালোচনা করা,Don't criticize him so much. (তার এত সমালোচনা করো না।)
Crop,ফসল,The farmers are harvesting the crop. (কৃষকরা ফসল কাটছে।)
Crucial,অত্যন্ত গুরুত্বপূর্ণ,It is crucial that you arrive on time. (আপনার সময়মতো আসা অত্যন্ত গুরুত্বপূর্ণ।)
Culture,সংস্কৃতি,I am interested in foreign cultures. (আমি বিদেশী সংস্কৃতিতে আগ্রহী।)
Current,বর্তমান,What is your current address? (আপনার বর্তমান ঠিকানা কী?)
Cycle,চক্র,The life cycle of a butterfly is interesting. (প্রজাপতির জীবন চক্রটি আকর্ষণীয়।)
Damage,ক্ষতি,The storm caused a lot of damage. (ঝড়টি অনেক ক্ষতি করেছে।)
Data,তথ্য,We need to collect more data. (আমাদের আরও তথ্য সংগ্রহ করতে হবে।)
Debate,বিতর্ক,There was a debate on this issue. (এই বিষয়ে একটি বিতর্ক হয়েছিল।)
Decade,দশক,He lived in that house for a decade. (সে ওই বাড়িতে এক দশক ধরে বসবাস করেছিল।)
Decade,দশক,He lived in that house for a decade. (সে ওই বাড়িতে এক দশক ধরে বসবাস করেছিল।)
Decent,শালীন,He earns a decent salary. (সে একটি শালীন বেতন আয় করে।)
Decline,প্রত্যাখ্যান করা,He declined my offer of help. (সে আমার সাহায্যের প্রস্তাব প্রত্যাখ্যান করেছিল।)
Decrease,কমা,The population has decreased. (জনসংখ্যা কমে গেছে।)
Deep,গভীর,The river is very deep here. (নদীটি এখানে খুব গভীর।)
Defend,রক্ষা করা,He had to defend himself. (তাকে নিজেকে রক্ষা করতে হয়েছিল।)
Define,সংজ্ঞায়িত করা,How would you define this word? (আপনি এই শব্দটি কীভাবে সংজ্ঞায়িত করবেন?)
Definite,নির্দিষ্ট,We need a definite answer. (আমাদের একটি নির্দিষ্ট উত্তর দরকার।)
Degree,ডিগ্রি,He has a degree in engineering. (তার ইঞ্জিনিয়ারিংয়ে ডিগ্রি আছে।)
Delay,বিলম্ব,Sorry for the delay. (বিলম্বের জন্য দুঃখিত।)
Deliberate,ইচ্ছাকৃত,It was a deliberate attempt. (এটি একটি ইচ্ছাকৃত প্রচেষ্টা ছিল।)
Delight,আনন্দ,She screamed with delight. (সে আনন্দে চিৎকার করে উঠলো।)
Deliver,পৌঁছে দেওয়া,Can you deliver this package? (তুমি কি এই পার্সেলটি পৌঁছে দিতে পারো?)
Demand,চাহিদা,There is a high demand for skilled workers. (দক্ষ কর্মীদের উচ্চ চাহিদা রয়েছে।)
Demonstrate,প্রদর্শন করা,He demonstrated how to use the machine. (সে দেখিয়েছিল কীভাবে মেশিনটি ব্যবহার করতে হয়।)
Deny,অস্বীকার করা,He denied any involvement in the crime. (সে অপরাধে কোনো জড়িত থাকার কথা অস্বীকার করেছিল।)
Depend,নির্ভর করা,You can always depend on me. (তুমি সবসময় আমার উপর নির্ভর করতে পারো।)
Depressed,বিষণ্ণ,He felt depressed after losing his job. (চাকরি হারানোর পর সে বিষণ্ণ বোধ করছিল।)
Deprive,বঞ্চিত করা,Don't deprive him of his rights. (তাকে তার অধিকার থেকে বঞ্চিত করো না।)
Depth,গভীরতা,What is the depth of this lake? (এই হ্রদটির গভীরতা কত?)
Derive,উদ্ভূত হওয়া,This word derives from Latin. (এই শব্দটি ল্যাটিন থেকে উদ্ভূত হয়েছে।)
Describe,বর্ণনা করা,Can you describe the man? (আপনি কি লোকটিকে বর্ণনা করতে পারেন?)
Design,নকশা করা,She designed the new logo. (সে নতুন লogoটির নকশা করেছিল।)
Desire,আকাঙ্ক্ষা,He has a strong desire for success. (তার সফলতার জন্য তীব্র আকাঙ্ক্ষা আছে।)
Despite,সত্ত্বেও,He went out despite the rain. (বৃষ্টি সত্ত্বেও সে বাইরে গিয়েছিল।)
Destroy,ধ্বংস করা,The fire destroyed the entire building. (আগুনটি পুরো ভবনটি ধ্বংস করে দিয়েছিল।)
Detail,বিস্তারিত,Can you give me more details? (তুমি কি আমাকে আরও বিস্তারিত জানাতে পারো?)
Detect,শনাক্ত করা,The test can detect the disease early. (পরীক্ষাটি রোগটি তাড়াতাড়ি শনাক্ত করতে পারে।)
Determine,নির্ধারণ করা,We need to determine the cause of the problem. (আমাদেরকে সমস্যার কারণটি নির্ধারণ করতে হবে।)
Develop,উন্নয়ন করা,They are developing a new software. (তারা একটি নতুন সফ্টওয়্যার উন্নয়ন করছে।)
Device,যন্ত্র,This is a useful device. (এটি একটি দরকারী যন্ত্র।)
Devote,উৎসর্গ করা,He devoted his life to science. (সে তার জীবন বিজ্ঞানে উৎসর্গ করেছিল।)
Diagnose,রোগ নির্ণয় করা,The doctor diagnosed him with flu. (ডাক্তার তার ফ্লু রোগ নির্ণয় করেছেন।)
Differ,ভিন্ন হওয়া,My opinion differs from yours. (আমার মতামত তোমার থেকে ভিন্ন।)
Difficulty,অসুবিধা,He has difficulty in walking. (তার হাঁটতে অসুবিধা হয়।)
Dimension,মাত্রা,We need the exact dimensions of the room. (আমাদের ঘরের সঠিক মাত্রা দরকার।)
Disappointed,হতাশ,I was disappointed with the result. (আমি ফলাফল দেখে হতাশ হয়েছিলাম।)
Disaster,দুর্যোগ,The earthquake was a terrible disaster. (ভূমিকম্পটি একটি ভয়াবহ দুর্যোগ ছিল।)
Discipline,শৃঙ্খলা,He lacks discipline. (তার শৃঙ্খলার অভাব আছে।)
Discover,আবিষ্কার করা,Who discovered America? (কে আমেরিকা আবিষ্কার করেছিল?)
Discuss,আলোচনা করা,Let's discuss this matter. (চলো এই বিষয়টি নিয়ে আলোচনা করি।)
Disease,রোগ,He is suffering from a rare disease. (সে একটি বিরল রোগে ভুগছে।)
Dismiss,খারিজ করা,The case was dismissed. (মামলাটি খারিজ করা হয়েছিল।)
Display,প্রদর্শন করা,The shop is displaying new clothes. (দোকানটি নতুন পোশাক প্রদর্শন করছে।)
Dispute,বিরোধ,There is a dispute between them. (তাদের মধ্যে একটি বিরোধ আছে।)
Distance,দূরত্ব,What is the distance to the city? (শহরটির দূরত্ব কত?)
Distinct,স্পষ্ট,There is a distinct difference. (একটি স্পষ্ট পার্থক্য আছে।)
Distinguish,পার্থক্য করা,Can you distinguish between these two? (তুমি কি এই দুটির মধ্যে পার্থক্য করতে পারো?)
Distribute,বিতরণ করা,They distributed food to the poor. (তারা গরীবদের মধ্যে খাবার বিতরণ করেছিল।)
District,জেলা,He lives in this district. (সে এই জেলায় বাস করে।)
Divide,ভাগ করা,Let's divide the cake into two. (চলো কেকটি দুই ভাগে ভাগ করি।)
Domestic,গার্হস্থ্য,She is interested in domestic affairs. (সে গার্হস্থ্য বিষয়ে আগ্রহী।)
Dominant,প্রভাবশালী,He is the dominant person in the group. (সে দলের মধ্যে প্রভাবশালী ব্যক্তি।)
Doubt,সন্দেহ,I have no doubt about it. (এ ব্যাপারে আমার কোনো সন্দেহ নেই।)
Draft,খসড়া,This is the first draft of my speech. (এটি আমার বক্তৃতার প্রথম খসড়া।)
Drama,নাটক,She loves watching drama. (সে নাটক দেখতে ভালোবাসে।)
Drastic,চরম,They took drastic measures. (তারা চরম ব্যবস্থা নিয়েছিল।)
Draw,আঁকা,Can you draw a picture? (তুমি কি একটি ছবি আঁকতে পারো?)
Drop,ফেলে দেওয়া,Be careful not to drop the glass. (সতর্ক থেকো যেন গ্লাসটি ফেলে না দাও।)
Due,বকেয়া,The rent is due today. (ভাড়াটি আজ বকেয়া হয়েছে।)
Duration,সময়কাল,What is the duration of the course? (কোর্সটির সময়কাল কত?)
Duty,কর্তব্য,It is your duty to help him. (তাকে সাহায্য করা তোমার কর্তব্য।)
Dynamic,গতিশীল,He has a dynamic personality. (তার একটি গতিশীল ব্যক্তিত্ব আছে।)
Eager,আগ্রহী,He is eager to learn. (সে শিখতে আগ্রহী।)
Earn,আয় করা,How much do you earn? (তুমি কত আয় করো?)
Ease,স্বাচ্ছন্দ্য,He passed the exam with ease. (সে স্বাচ্ছন্দে পরীক্ষায় পাস করেছিল।)
Economic,অর্থনৈতিক,The country is facing economic problems. (দেশটি অর্থনৈতিক সমস্যার সম্মুখীন হচ্ছে।)
Economy,অর্থনীতি,The economy is growing fast. (অর্থনীতি দ্রুত বাড়ছে।)
Edge,কিনারা,He sat on the edge of the bed. (সে বিছানার কিনারায় বসেছিল।)
Edit,সম্পাদনা করা,You need to edit this document. (তোমাকে এই নথিটি সম্পাদনা করতে হবে।)
Educate,শিক্ষিত করা,We need to educate our children. (আমাদেরকে আমাদের সন্তানদের শিক্ষিত করতে হবে।)
Effective,কার্যকর,This is a simple but effective solution. (এটি একটি সহজ কিন্তু কার্যকর সমাধান।)
Efficient,দক্ষ,This is a very efficient machine. (এটি একটি খুব দক্ষ মেশিন।)
Effort,প্রচেষ্টা,He made a great effort. (সে একটি দারুণ প্রচেষ্টা করেছিল।)
Elect,নির্বাচিত করা,He was elected as president. (সে রাষ্ট্রপতি হিসেবে নির্বাচিত হয়েছিল।)
Element,উপাদান,Honesty is an important element. (সততা একটি গুরুত্বপূর্ণ উপাদান।)
Eliminate,বাদ দেওয়া,We need to eliminate this problem. (আমাদের এই সমস্যাটি বাদ দিতে হবে।)
Emerge,আবির্ভূত হওয়া,A new problem has emerged. (একটি নতুন সমস্যা আবির্ভূত হয়েছে।)
Emergency,জরুরী অবস্থা,Call me in case of an emergency. (জরুরী অবস্থায় আমাকে কল করো।)
Emotion,আবেগ,He showed no emotion. (সে কোনো আবেগ দেখায়নি।)
Emphasize,জোর দেওয়া,He emphasized the importance of safety. (সে নিরাপত্তার গুরুত্বের উপর জোর দিয়েছিল।)
Empire,সাম্রাজ্য,He ruled over a vast empire. (সে একটি বিশাল সাম্রাজ্য শাসন করতো।)
Employ,নিয়োগ করা,The company employs 100 people. (কোম্পানিটি ১০০ জনকে নিয়োগ দিয়েছে।)
Enable,সক্ষম করা,This technology enables us to work from home. (এই প্রযুক্তি আমাদেরকে বাড়ি থেকে কাজ করতে সক্ষম করে।)
Encourage,উৎসাহিত করা,My parents always encouraged me. (আমার বাবা-মা আমাকে সবসময় উৎসাহিত করতেন।)
Endure,সহ্য করা,He could not endure the pain. (সে যন্ত্রণা সহ্য করতে পারছিল না।)
Enemy,শত্রু,He has many enemies. (তার অনেক শত্রু আছে।)
Energy,শক্তি,You need more energy. (তোমার আরও শক্তি দরকার।)
Engage,জড়িত থাকা,He is engaged in a new project. (সে একটি নতুন প্রকল্পে জড়িত আছে।)
Engine,ইঞ্জিন,The car has a powerful engine. (গাড়িটির একটি শক্তিশালী ইঞ্জিন আছে।)
Enhance,বৃদ্ধি করা,This will enhance your reputation. (এটি আপনার খ্যাতি বৃদ্ধি করবে।)
Enjoy,উপভোগ করা,I enjoy listening to music. (আমি গান শুনতে উপভোগ করি।)
Enormous,বিশাল,He lives in an enormous house. (সে একটি বিশাল বাড়িতে বাস করে।)
Ensure,নিশ্চিত করা,Please ensure that the door is locked. (অনুগ্রহ করে নিশ্চিত করুন যে দরজাটি তালাবদ্ধ আছে।)
Enter,প্রবেশ করা,Please enter the room. (অনুগ্রহ করে ঘরে প্রবেশ করুন।)
Entire,সম্পূর্ণ,He ate the entire cake. (সে সম্পূর্ণ কেকটি খেয়ে ফেলেছিল।)
Enterprise,প্রতিষ্ঠান,He is in charge of a large enterprise. (তিনি একটি বড় প্রতিষ্ঠানের দায়িত্বে আছেন।)
Environment,পরিবেশ,We need to protect the environment. (আমাদেরকে পরিবেশ রক্ষা করতে হবে।)
Episode,পর্ব,I watched the latest episode last night. (আমি গতরাতে সর্বশেষ পর্বটি দেখেছি।)
Equal,সমান,All people are equal. (সব মানুষ সমান।)
Equip,সজ্জিত করা,The soldiers were equipped with guns. (সৈন্যরা বন্দুক দিয়ে সজ্জিত ছিল।)
Equipment,সরঞ্জাম,They bought new office equipment. (তারা নতুন অফিসের সরঞ্জাম কিনেছে।)
Equivalent,সমতুল্য,His action is equivalent to treason. (তার কাজ দেশদ্রোহিতার সমতুল্য।)
Era,যুগ,This is the modern era. (এটি আধুনিক যুগ।)
Error,ভুল,There is an error in your calculation. (তোমার হিসাবে একটি ভুল আছে।)
Escape,পালানো,He escaped from prison. (সে জেল থেকে পালিয়েছিল।)
Especially,বিশেষত,I love fruits, especially mangoes. (আমি ফল ভালোবাসি, বিশেষত আম।)
Essential,অপরিহার্য,Water is essential for life. (জীবনের জন্য পানি অপরিহার্য।)
Establish,প্রতিষ্ঠা করা,They established a new company. (তারা একটি নতুন কোম্পানি প্রতিষ্ঠা করেছিল।)
Estate,সম্পত্তি,He owns a large estate. (তিনি একটি বড় সম্পত্তির মালিক।)
Estimate,আনুমানিক হিসাব করা,Can you estimate the cost? (আপনি কি খরচটি আনুমানিক হিসাব করতে পারেন?)
Ethnic,জাতিগত,There are many ethnic groups in this country. (এই দেশে অনেক জাতিগত গোষ্ঠী রয়েছে।)
Evaluate,মূল্যায়ন করা,We need to evaluate the results. (আমাদেরকে ফলাফলগুলি মূল্যায়ন করতে হবে।)
Event,ঘটনা,It was an important event in his life. (এটি তার জীবনের একটি গুরুত্বপূর্ণ ঘটনা ছিল।)
Eventually,অবশেষে,He eventually agreed to help. (সে অবশেষে সাহায্য করতে রাজি হয়েছিল।)
Evidence,প্রমাণ,The police found new evidence. (পুলিশ নতুন প্রমাণ খুঁজে পেয়েছে।)
Evil,অশুভ,He is an evil person. (সে একজন অশুভ লোক।)
Evolve,বিবর্তিত হওয়া,The company has evolved over the years. (কোম্পানিটি বছরের পর বছর ধরে বিবর্তিত হয়েছে।)
Exact,নির্ভুল,What were his exact words? (তার নির্ভুল কথাগুলো কী ছিল?)
Exaggerate,অতিরঞ্জিত করা,He tends to exaggerate his problems. (সে তার সমস্যাগুলো অতিরঞ্জিত করার প্রবণতা রাখে।)
Examine,পরীক্ষা করা,The doctor examined the patient. (ডাক্তার রোগীকে পরীক্ষা করেছিলেন।)
Exceed,অতিক্রম করা,The cost should not exceed 1000 taka. (খরচ ১০০০ টাকা অতিক্রম করা উচিত নয়।)
Excellent,চমৎকার,She did an excellent job. (সে একটি চমৎকার কাজ করেছে।)
Except,ছাড়া,Everyone came except him. (সে ছাড়া সবাই এসেছিল।)
Exception,ব্যতিক্রম,This is the only exception. (এটিই একমাত্র ব্যতিক্রম।)
Excess,অতিরিক্ত,We have an excess of food. (আমাদের কাছে অতিরিক্ত খাবার আছে।)
Exchange,বিনিময় করা,Can I exchange this shirt? (আমি কি এই শার্টটি বিনিময় করতে পারি?)
Excite,উত্তেজিত করা,The news excited everyone. (খবরটি সবাইকে উত্তেজিত করেছিল।)
Exclude,বাদ দেওয়া,Please exclude his name from the list. (অনুগ্রহ করে তালিকা থেকে তার নাম বাদ দিন।)
Excuse,অজুহাত,He always makes excuses. (সে সবসময় অজুহাত দেখায়।)
Execute,কার্যকর করা,They executed the plan perfectly. (তারা পরিকল্পনাটি নিখুঁতভাবে কার্যকর করেছিল।)
Exercise,ব্যায়াম,You should exercise regularly. (তোমার নিয়মিত ব্যায়ام করা উচিত।)
Exhibit,প্রদর্শন করা,They will exhibit their paintings. (তারা তাদের চিত্রকর্ম প্রদর্শন করবে।)
Exist,অস্তিত্ব থাকা,Do you believe ghosts exist? (আপনি কি বিশ্বাস করেন ভূতের অস্তিত্ব আছে?)
Expand,বিস্তৃত করা,We are planning to expand our business. (আমরা আমাদের ব্যবসা বিস্তৃত করার পরিকল্পনা করছি।)
Expect,প্রত্যাশা করা,I expect to finish the work by Friday. (আমি শুক্রবারের মধ্যে কাজটি শেষ করার প্রত্যাশা করি।)
Expense,খরচ,We need to cut down our expenses. (আমাদের খরচ কমানো দরকার।)
Expensive,ব্যয়বহুল,This car is very expensive. (এই গাড়িটি খুব ব্যয়বহুল।)
Experience,অভিজ্ঞতা,He has a lot of experience. (তার অনেক অভিজ্ঞতা আছে।)
Expert,বিশেষজ্ঞ,He is an expert in this field. (তিনি এই ক্ষেত্রে একজন বিশেষজ্ঞ।)
Explain,ব্যাখ্যা করা,Can you explain this rule? (আপনি কি এই নিয়মটি ব্যাখ্যা করতে পারেন?)
Explicit,স্পষ্ট,He gave explicit instructions. (সে স্পষ্ট নির্দেশাবলী দিয়েছিল।)
Explode,বিস্ফোরিত হওয়া,The bomb exploded. (বোমাটি বিস্ফোরিত হয়েছিল।)
Explore,অন্বেষণ করা,Let's explore the new city. (চলো নতুন শহরটি অন্বেষণ করি।)
Export,রপ্তানি করা,This company exports tea. (এই কোম্পানিটি চা রপ্তানি করে।)
Expose,প্রকাশ করা,He was exposed as a spy. (সে একজন গুপ্তচর হিসেবে প্রকাশিত হয়েছিল।)
Express,প্রকাশ করা,He found it hard to express his feelings. (তার অনুভূতি প্রকাশ করা কঠিন হয়েছিল।)
Extend,বাড়ানো,Can you extend the deadline? (আপনি কি সময়সীমা বাড়াতে পারেন?)
Extension,সম্প্রসারণ,They are building an extension to the house. (তারা বাড়িটির একটি সম্প্রসারণ নির্মাণ করছে।)
Extensive,ব্যাপক,He has extensive knowledge of this subject. (তার এই বিষয়ে ব্যাপক জ্ঞান রয়েছে।)
Extent,পরিধি,What is the extent of the damage? (ক্ষতির পরিধি কত?)
External,বাহ্যিক,This is an external problem. (এটি একটি বাহ্যিক সমস্যা।)
Extra,অতিরিক্ত,Do you want extra sugar? (তুমি কি অতিরিক্ত চিনি চাও?)
Extraordinary,অসাধারণ,It was an extraordinary performance. (এটি একটি অসাধারণ পারফরম্যান্স ছিল।)
Extreme,চরম,He lives in extreme poverty. (সে চরম দারিদ্র্যের মধ্যে বাস করে।)
Fabric,কাপড়,This is a high-quality fabric. (এটি একটি উচ্চ-মানের কাপড়।)
Facility,সুবিধা,The hotel has excellent facilities. (হোটেলটিতে চমৎকার সুবিধা রয়েছে।)
Factor,উপাদান,Price is an important factor. (মূল্য একটি গুরুত্বপূর্ণ উপাদান।)
Faculty,অনুষদ,He is a member of the faculty. (তিনি অনুষদের একজন সদস্য।)
Fade,বিবর্ণ হওয়া,The colors have faded. (রংগুলো বিবর্ণ হয়ে গেছে।)
Failure,ব্যর্থতা,Failure is a part of learning. (ব্যর্থতা শেখার একটি অংশ।)
Fair,ন্যায্য,That's not a fair decision. (এটি একটি ন্যায্য সিদ্ধান্ত নয়।)
Faith,বিশ্বাস,I have faith in you. (আমার তোমার উপর বিশ্বাস আছে।)
False,মিথ্যা,His statement was false. (তার বিবৃতিটি মিথ্যা ছিল।)
Familiar,পরিচিত,His face looks familiar. (তার মুখটি পরিচিত মনে হচ্ছে।)
Famous,বিখ্যাত,He is a famous writer. (তিনি একজন বিখ্যাত লেখক।)
Fancy,পছন্দ করা,Do you fancy going out? (তোমার কি বাইরে যেতে ইচ্ছে করছে?)
Fantastic,চমৎকার,It was a fantastic movie. (এটি একটি চমৎকার সিনেমা ছিল।)
Fashion,ফ্যাশন,She is interested in fashion. (সে ফ্যাশনে আগ্রহী।)
Fate,ভাগ্য,It must be fate. (এটা নিশ্চয়ই ভাগ্য।)
Fault,দোষ,It's not my fault. (এটা আমার দোষ নয়।)
Favor,অনুকম্পা,Can you do me a favor? (তুমি কি আমার একটি উপকার করতে পারো?)
Fear,ভয়,He has a fear of heights. (তার উচ্চতার ভয় আছে।)
Feature,বৈশিষ্ট্য,What are the main features of this phone? (এই ফোনটির প্রধান বৈশিষ্ট্যগুলি কী কী?)
Federal,ফেডারেল,This is a federal law. (এটি একটি ফেডারেল আইন।)
Fee,ফি,What is the course fee? (কোর্সটির ফি কত?)
Feed,খাওয়ানো,Did you feed the cat? (তুমি কি বিড়ালটিকে খাইয়েছিলে?)
Female,মহিলা,She is the only female employee. (সে একমাত্র মহিলা কর্মচারী।)
Fence,বেড়া,There is a fence around the garden. (বাগানের চারপাশে একটি বেড়া আছে।)
Fetch,গিয়ে আনা,Can you fetch me a glass of water? (তুমি কি আমাকে এক গ্লাস পানি এনে দিতে পারো?)
Fever,জ্বর,He has a high fever. (তার প্রচণ্ড জ্বর।)
Fiction,কল্পকাহিনী,I enjoy reading science fiction. (আমি সায়েন্স ফিকশন পড়তে উপভোগ করি।)
Field,মাঠ,The farmers are in the field. (কৃষকরা মাঠে আছে।)
Fierce,হিংস্র,He has a fierce dog. (তার একটি হিংস্র কুকুর আছে।)
Figure,সংখ্যা,The sales figures are low. (বিক্রয়ের সংখ্যা কম।)
Finance,অর্থায়ন,He is studying finance. (সে অর্থায়ন নিয়ে পড়াশোনা করছে।)
Finding,প্রাপ্ত তথ্য,The findings of the research are interesting. (গবেষণার প্রাপ্ত তথ্যগুলো আকর্ষণীয়।)
Firm,দৃঢ়,He has a firm belief. (তার একটি দৃঢ় বিশ্বাস আছে।)
Fit,উপযুক্ত,This dress does not fit me. (এই পোশাকটি আমার জন্য উপযুক্ত নয়।)
Fix,ঠিক করা,Can you fix my computer? (তুমি কি আমার কম্পিউটারটি ঠিক করতে পারো?)
Flame,শিখা,The flame of the candle went out. (মোমবাতির শিখাটি নিভে গিয়েছিল।)
Flash,ঝলকানি,I saw a flash of light. (আমি একটি আলোর ঝলকানি দেখেছিলাম।)
Flat,ফ্ল্যাট,He lives in a small flat. (সে একটি ছোট ফ্ল্যাটে বাস করে।)
Flavor,স্বাদ,What is the flavor of this ice cream? (এই আইসক্রিমটির স্বাদ কী?)
Flee,পালানো,The thief tried to flee. (চোরটি পালানোর চেষ্টা করেছিল।)
Flesh,মাংস,The lion eats flesh. (সিংহ মাংস খায়।)
Flexible,নমনীয়,You need to be more flexible with your plans. (আপনার পরিকল্পনার সাথে আপনাকে আরও নমনীয় হতে হবে।)
Float,ভাসা,Wood floats on water. (কাঠ পানিতে ভাসে।)
Flood,বন্যা,The village was destroyed by the flood. (গ্রামটি বন্যায় ধ্বংস হয়ে গিয়েছিল।)
Flow,প্রবাহ,The river flows to the sea. (নদীটি সমুদ্রের দিকে প্রবাহিত হয়।)
Focus,মনোযোগ দেওয়া,You need to focus on your studies. (তোমাকে তোমার পড়াশোনায় মনোযোগ দিতে হবে।)
Fold,ভাঁজ করা,Please fold the clothes. (অনুগ্রহ করে কাপড়গুলো ভাঁজ করো।)
Following,অনুসরণকারী,He has a large following on social media. (সোশ্যাল মিডিয়ায় তার অনেক অনুসরণকারী রয়েছে।)
Force,বল,He used force to open the door. (সে দরজাটি খুলতে বল প্রয়োগ করেছিল।)
Foreign,বিদেশী,He speaks a foreign language. (সে একটি বিদেশী ভাষায় কথা বলে।)
Forest,বন,The tiger lives in the forest. (বাঘ বনে বাস করে।)
Forgive,ক্ষমা করা,Please forgive me. (অনুগ্রহ করে আমাকে ক্ষমা করো।)
Formal,আনুষ্ঠানিক,You must wear formal clothes. (তোমাকে অবশ্যই আনুষ্ঠানিক পোশাক পরতে হবে।)
Format,ফরম্যাট,What is the format of the file? (ফাইলটির ফরম্যাট কী?)
Former,সাবেক,He is a former president. (তিনি একজন সাবেক রাষ্ট্রপতি।)
Formula,সূত্র,What is the formula for water? (পানির সূত্র কী?)
Fortune,ভাগ্য,He made a fortune in business. (সে ব্যবসায় ভাগ্য তৈরি করেছিল।)
Forward,সামনে,Please move forward. (অনুগ্রহ করে সামনে আসুন।)
Found,প্রতিষ্ঠা করা,He founded this company. (সে এই কোম্পানিটি প্রতিষ্ঠা করেছিল।)
Foundation,ভিত্তি,The foundation of the building is strong. (ভবনটির ভিত্তি শক্তিশালী।)
Frame,ফ্রেম,The picture has a wooden frame. (ছবিটির একটি কাঠের ফ্রেম আছে।)
Fraud,প্রতারণা,He was arrested for fraud. (প্রতারণার জন্য তাকে গ্রেফতার করা হয়েছিল।)
Freedom,স্বাধীনতা,Everyone wants freedom. (সবাই স্বাধীনতা চায়।)
Frequency,কম্পাঙ্ক,What is the frequency of this sound? (এই শব্দটির কম্পাঙ্ক কত?)
Frequent,ঘনঘন,He is a frequent visitor to this place. (সে এই জায়গায় ঘনঘন আসে।)
Fresh,সতেজ,I like fresh fruits. (আমি সতেজ ফল পছন্দ করি।)
Friendly,বন্ধুত্বপূর্ণ,He is a very friendly person. (সে খুব বন্ধুত্বপূর্ণ একজন মানুষ।)
Frustrated,হতাশ,She felt frustrated with the slow progress. (সে ধীরগতিতে হতাশ বোধ করছিল।)
Fuel,জ্বালানি,The car is low on fuel. (গাড়িটিতে জ্বালানি কম।)
Fulfil,পূর্ণ করা,You must fulfil your promise. (তোমাকে অবশ্যই তোমার প্রতিশ্রুতি পূর্ণ করতে হবে।)
Function,ফাংশন,What is the function of this machine? (এই মেশিনটির ফাংশন কী?)
Fund,তহবিল,They are raising funds for the new hospital. (তারা নতুন হাসপাতালের জন্য তহবিল সংগ্রহ করছে।)
Fundamental,মৌলিক,This is a fundamental principle. (এটি একটি মৌলিক নীতি।)
Funding,অর্থায়ন,We need more funding for this project. (এই প্রকল্পের জন্য আমাদের আরও অর্থায়ন দরকার।)
Funeral,অন্ত্যেষ্টিক্রিয়া,I attended his funeral. (আমি তার অন্ত্যেষ্টিক্রিয়ায় অংশ নিয়েছিলাম।)
Funny,মজার,He told a funny joke. (সে একটি মজার কৌতুক বললো।)
Furnish,সাজানো,They furnished the room with new furniture. (তারা নতুন আসবাবপত্র দিয়ে ঘরটি সাজিয়েছিল।)
Furthermore,অধিকন্তু,He is lazy; furthermore, he is dishonest. (সে অলস; অধিকন্তু, সে অসৎ।)
Future,ভবিষ্যৎ,What are your plans for the future? (ভবিষ্যতের জন্য তোমার পরিকল্পনা কী?)
Gain,অর্জন করা,What will you gain from this? (এ থেকে তুমি কী অর্জন করবে?)
Gang,দল,He is the leader of the gang. (সে দলটির নেতা।)
Gap,ফাঁক,There is a gap between the two walls. (দুটি দেয়ালের মধ্যে একটি ফাঁক আছে।)
Gather,জড়ো করা,The crowd gathered around him. (ভিড়টি তার চারপাশে জড়ো হয়েছিল।)
Gaze,একদৃষ্টিতে তাকানো,She gazed at the stars. (সে তারাগুলোর দিকে একদৃষ্টিতে তাকিয়েছিল।)
Gender,লিঙ্গ,Please state your gender. (অনুগ্রহ করে আপনার লিঙ্গ বলুন।)
Generate,উৎপন্ন করা,The machine generates electricity. (মেশিনটি বিদ্যুৎ উৎপন্ন করে।)
Generous,উদার,He is very generous with his money. (সে তার টাকা দিয়ে খুব উদার।)
Gentle,ভদ্র,He has a gentle voice. (তার একটি ভদ্র কণ্ঠস্বর আছে।)
Genuine,খাঁটি,Is this a genuine diamond? (এটি কি খাঁটি হীরা?)
Gesture,অঙ্গভঙ্গি,He made a rude gesture. (সে একটি অভদ্র অঙ্গভঙ্গি করেছিল।)
Giant,দৈত্য,He is a giant in the field of science. (সে বিজ্ঞানের ক্ষেত্রে একজন দৈত্য।)
Glad,খুশি,I am glad to see you. (আমি তোমাকে দেখে খুশি হয়েছি।)
Global,বৈশ্বিক,This is a global problem. (এটি একটি বৈশ্বিক সমস্যা।)
Glory,গৌরব,He fought for the glory of his country. (সে তার দেশের গৌরবের জন্য লড়াই করেছিল।)
Goal,লক্ষ্য,My goal is to become a doctor. (আমার লক্ষ্য একজন ডাক্তার হওয়া।)
Golden,সোনালী,She has golden hair. (তার সোনালী চুল আছে।)
Grace,সৌন্দর্য,She moves with grace. (সে সৌন্দর্যের সাথে চলাফেরা করে।)
Grade,গ্রেড,He got a good grade in the exam. (সে পরীক্ষায় ভালো গ্রেড পেয়েছে।)
Gradual,ধীর,There has been a gradual improvement in his health. (তার স্বাস্থ্যের ধীর উন্নতি হয়েছে।)
Grain,শস্য,Rice is a type of grain. (চাল এক ধরনের শস্য।)
Grand,भव्य,It was a grand celebration. (এটি একটি भव्य উদযাপন ছিল।)
Grant,অনুদান,He received a grant for his research. (সে তার গবেষণার জন্য একটি অনুদান পেয়েছিল।)
Grasp,আঁকড়ে ধরা,He grasped my hand. (সে আমার হাত আঁকড়ে ধরেছিল।)
Grateful,কৃতজ্ঞ,I am grateful for your help. (আমি তোমার সাহায্যের জন্য কৃতজ্ঞ।)
Grave,কবর,He visited his father's grave. (সে তার বাবার কবর পরিদর্শন করেছিল।)
Great,মহান,He was a great leader. (তিনি একজন মহান নেতা ছিলেন।)
Greed,লোভ,Greed is the cause of his downfall. (লোভই তার পতনের কারণ।)
Grief,দুঃখ,She was filled with grief. (সে দুঃখে ভরে গিয়েছিল।)
Grin,দাঁত বের করে হাসা,He grinned at me. (সে আমার দিকে দাঁত বের করে হাসল।)
Grip,আঁকড়ে ধরা,He has a strong grip. (তার একটি শক্ত আঁকড়ে ধরা আছে।)
Ground,মাটি,He sat on the ground. (সে মাটিতে বসেছিল।)
Grow,বড় হওয়া,The child is growing fast. (শিশুটি দ্রুত বড় হচ্ছে।)
Guarantee,গ্যারান্টি,Can you give me a guarantee? (তুমি কি আমাকে একটি গ্যারান্টি দিতে পারো?)
Guard,পাহারাদার,A guard is at the gate. (গেটে একজন পাহারাদার আছে।)
Guess,অনুমান করা,Can you guess the answer? (তুমি কি উত্তরটি অনুমান করতে পারো?)
Guest,অতিথি,We have a guest tonight. (আজ রাতে আমাদের একজন অতিথি আছে।)
Guide,পথপ্রদর্শক,He was my guide. (সে আমার পথপ্রদর্শক ছিল।)
Guilty,দোষী,He was found guilty of the crime. (সে অপরাধে দোষী সাব্যস্ত হয়েছিল।)
Habit,অভ্যাস,Smoking is a bad habit. (ধূমপান একটি খারাপ অভ্যাস।)
Half,অর্ধেক,He ate half of the apple. (সে আপেলটির অর্ধেক খেয়েছিল।)
Hall,হল,The meeting is in the main hall. (সভাটি প্রধান হলে হচ্ছে।)
Halt,থামা,The train came to a halt. (ট্রেনটি থেমে গিয়েছিল।)
Hand,হাত,He has a book in his hand. (তার হাতে একটি বই আছে।)
Handle,সামলানো,Can you handle this situation? (তুমি কি এই পরিস্থিতিটি সামলাতে পারো?)
Hang,ঝোলানো,Please hang your coat here. (অনুগ্রহ করে তোমার কোটটি এখানে ঝোলাও।)
Harm,ক্ষতি,He means no harm. (সে কোনো ক্ষতি করতে চায় না।)
Harvest,ফসল কাটা,It's time to harvest the crops. (এখন ফসল কাটার সময়।)
Hate,ঘৃণা করা,I hate this place. (আমি এই জায়গাটিকে ঘৃণা করি।)
Hazard,বিপদ,Smoking is a health hazard. (ধূমপান স্বাস্থ্যের জন্য একটি বিপদ।)
Headline,শিরোনাম,Did you read the headlines? (তুমি কি শিরোনামগুলো পড়েছিলে?)
Heal,নিরাময় হওয়া,The wound will heal soon. (ক্ষতটি শীঘ্রই নিরাময় হবে।)
Heap,স্তূপ,There is a heap of clothes on the bed. (বিছানার উপর কাপড়ের একটি স্তূপ আছে।)
Heart,হৃদয়,He has a kind heart. (তার একটি দয়ালু হৃদয় আছে।)
Heat,তাপ,I cannot bear the heat. (আমি তাপ সহ্য করতে পারছি না।)
Heaven,স্বর্গ,She believes she will go to heaven. (সে বিশ্বাস করে সে স্বর্গে যাবে।)
Heavy,ভারী,This bag is very heavy. (এই ব্যাগটি খুব ভারী।)
Height,উচ্চতা,What is your height? (তোমার উচ্চতা কত?)
Heir,উত্তরাধিকারী,He is the heir to the throne. (সে সিংহাসনের উত্তরাধিকারী।)
Hence,সুতরাং,He is ill, hence he cannot come. (সে অসুস্থ, সুতরাং সে আসতে পারবে না।)
Hesitate,ইতস্তত করা,Don't hesitate to ask for help. (সাহায্য চাইতে ইতস্তত করো না।)
Hidden,লুকানো,There is a hidden treasure. (একটি লুকানো ধন আছে।)
Highlight,আলোকপাত করা,Please highlight the main points. (অনুগ্রহ করে প্রধান বিষয়গুলির উপর আলোকপাত করুন।)
High,উচ্চ,The mountain is very high. (পর্বতটি খুব উচ্চ।)
Hint,ইঙ্গিত,He gave me a hint. (সে আমাকে একটি ইঙ্গিত দিল।)
Hire,ভাড়া করা,We need to hire a car. (আমাদের একটি গাড়ি ভাড়া করতে হবে।)
Hold,ধরা,Please hold my hand. (অনুগ্রহ করে আমার হাত ধরো।)
Hollow,ফাঁপা,The tree is hollow inside. (গাছটি ভেতরে ফাঁপা।)
Holy,পবিত্র,This is a holy place. (এটি একটি পবিত্র স্থান।)
Honest,সৎ,He is an honest man. (সে একজন সৎ লোক।)
Honor,সম্মান,It is an honor to meet you. (আপনার সাথে দেখা হওয়াটা সম্মানের।)
Hope,আশা,There is always hope. (সবসময় আশা থাকে।)
Horror,ভয়,She screamed in horror. (সে ভয়ে চিৎকার করে উঠলো।)
Host,আমন্ত্রণকর্তা,He is the host of the party. (সে পার্টির আমন্ত্রণকর্তা।)
Huge,বিশাল,He lives in a huge house. (সে একটি বিশাল বাড়িতে বাস করে।)
Human,মানুষ,He is only human. (সে কেবল একজন মানুষ।)
Humble,বিনীত,He is very humble. (সে খুব বিনীত।)
Humor,কৌতুক,He has a great sense of humor. (তার কৌতুক জ্ঞান খুব ভালো।)
Hunt,শিকার করা,They went hunting in the forest. (তারা বনে শিকার করতে গিয়েছিল।)
Hurry,তাড়াহুড়ো করা,Don't hurry, take your time. (তাড়াহুড়ো করো না, তোমার সময় নাও।)
Hurt,আঘাত করা,Did you hurt yourself? (তুমি কি নিজেকে আঘাত করেছো?)
Ideal,আদর্শ,He is my ideal. (সে আমার আদর্শ।)
Identify,শনাক্ত করা,Can you identify the person in the photo? (আপনি কি ছবির ব্যক্তিটিকে শনাক্ত করতে পারেন?)
Identity,পরিচয়,What is his identity? (তার পরিচয় কী?)
Ignore,উপেক্ষা করা,He ignored my advice. (সে আমার উপদেশ উপেক্ষা করেছিল।)
Illegal,বেআইনি,It is illegal to park here. (এখানে পার্ক করা বেআইনি।)
Illness,অসুস্থতা,He is recovering from a long illness. (সে দীর্ঘ অসুস্থতা থেকে সেরে উঠছে।)
Illustrate,ব্যাখ্যা করা,Let me illustrate this point with an example. (আমাকে একটি উদাহরণ দিয়ে এই বিষয়টি ব্যাখ্যা করতে দিন।)
Image,চিত্র,He created a beautiful image. (সে একটি সুন্দর চিত্র তৈরি করেছিল।)
Imagine,কল্পনা করা,Can you imagine a world without music? (তুমি কি সঙ্গীত ছাড়া একটি বিশ্ব কল্পনা করতে পারো?)
Imitate,অনুকরণ করা,He can imitate his father's voice. (সে তার বাবার কণ্ঠস্বর অনুকরণ করতে পারে।)
Immediate,তাৎক্ষণিক,We need an immediate response. (আমাদের একটি তাৎক্ষণিক সাড়া দরকার।)
Immense,বিশাল,He has an immense knowledge. (তার বিশাল জ্ঞান রয়েছে।)
Impact,প্রভাব,The new law will have a major impact. (নতুন আইনটির একটি বড় প্রভাব পড়বে।)
Imply,ইঙ্গিত করা,What did his silence imply? (তার নীরবতা কী ইঙ্গিত করেছিল?)
Import,আমদানি করা,We import oil from other countries. (আমরা অন্য দেশ থেকে তেল আমদানি করি।)
Impose,আরোপ করা,They imposed new taxes. (তারা নতুন কর আরোপ করেছিল।)
Impress,প্রভাবিত করা,His speech impressed everyone. (তার বক্তৃতা সবাইকে প্রভাবিত করেছিল।)
Impression,ছাপ,He made a good impression. (সে একটি ভালো ছাপ ফেলেছিল।)
Improve,উন্নতি করা,I need to improve my English. (আমার ইংরেজি উন্নতি করতে হবে।)
Incapable,অক্ষম,He is incapable of doing this job. (সে এই কাজটি করতে অক্ষম।)
Incident,ঘটনা,It was a strange incident. (এটি একটি অদ্ভুত ঘটনা ছিল।)
Incline,ঝোঁক থাকা,He is inclined to be lazy. (তার অলস হওয়ার ঝোঁক আছে।)
Include,অন্তর্ভুক্ত করা,Does the price include tax? (মূল্যটিতে কি কর অন্তর্ভুক্ত আছে?)
Income,আয়,What is your monthly income? (তোমার মাসিক আয় কত?)
Increase,বৃদ্ধি করা,They increased the price of the product. (তারা পণ্যটির মূল্য বৃদ্ধি করেছিল।)
Indeed,প্রকৃতপক্ষে,He is indeed a great man. (তিনি প্রকৃতপক্ষে একজন মহান মানুষ।)
Independent,স্বাধীন,She is an independent woman. (সে একজন স্বাধীন নারী।)
Index,সূচক,Please check the index of the book. (অনুগ্রহ করে বইয়ের সূচকটি দেখুন।)
Indicate,নির্দেশ করা,The red light indicates danger. (লাল আলো বিপদ নির্দেশ করে।)
Individual,ব্যক্তি,He is a very smart individual. (সে খুব স্মার্ট একজন ব্যক্তি।)
Indoor,অভ্যন্তরীণ,We played some indoor games. (আমরা কিছু অভ্যন্তরীণ খেলা খেলেছিলাম।)
Induce,প্ররোচিত করা,They induced him to confess. (তারা তাকে স্বীকার করতে প্ররোচিত করেছিল।)
Industry,শিল্প,He works in the IT industry. (সে আইটি শিল্পে কাজ করে।)
Inevitable,অনিবার্য,Death is inevitable. (মৃত্যু অনিবার্য।)
Infant,শিশু,She is holding an infant. (সে একটি শিশু ধরে আছে।)
Infect,সংক্রামিত করা,The wound got infected. (ক্ষতটি সংক্রামিত হয়েছিল।)
Infer,অনুমান করা,What can we infer from this? (এ থেকে আমরা কী অনুমান করতে পারি?)
Inferior,নিম্নমানের,This product is inferior to that one. (এই পণ্যটি ওটার চেয়ে নিম্নমানের।)
Infinite,অসীম,The universe is infinite. (মহাবিশ্ব অসীম।)
Influence,প্রভাব,He has a strong influence on his friends. (তার বন্ধুদের উপর তার দৃঢ় প্রভাব আছে।)
Inform,জানানো,Please inform me of your decision. (অনুগ্রহ করে আমাকে আপনার সিদ্ধান্তটি জানান।)
Informal,অনানুষ্ঠানিক,It was an informal meeting. (এটি একটি অনানুষ্ঠানিক সভা ছিল।)
Ingredient,উপাদান,What are the ingredients of this dish? (এই খাবারটির উপাদানগুলি কী কী?)
Initial,প্রাথমিক,My initial reaction was surprise. (আমার প্রাথমিক প্রতিক্রিয়া ছিল বিস্ময়।)
Initiate,শুরু করা,They will initiate the project soon. (তারা শীঘ্রই প্রকল্পটি শুরু করবে।)
Injure,আহত করা,He injured his leg. (সে তার পায়ে আঘাত করেছিল।)
Injustice,অবিচার,We must fight against injustice. (আমাদের অবশ্যই অবিচারের বিরুদ্ধে লড়াই করতে হবে।)
Ink,কালি,There is no ink in my pen. (আমার কলমে কালি নেই।)
Inner,ভেতরের,He has a strong inner strength. (তার একটি শক্তিশালী ভেতরের শক্তি আছে।)
Innocent,নিরপরাধ,He was found innocent. (সে নিরপরাধ প্রমাণিত হয়েছিল।)
Innovate,উদ্ভাবন করা,The company needs to innovate. (কোম্পানিটির উদ্ভাবন করা দরকার।)
Input,ইনপুট,We need your input on this. (এ ব্যাপারে আমাদের আপনার ইনপুট দরকার।)
Inquire,জিজ্ঞাসা করা,I inquired about the train schedule. (আমি ট্রেনের সময়সূচী সম্পর্কে জিজ্ঞাসা করেছিলাম।)
Insane,পাগল,He has an insane idea. (তার একটি পাগল ধারণা আছে।)
Insect,পোকা,An ant is an insect. (একটি পিঁপড়া একটি পোকা।)
Insert,ঢোকানো,Please insert the key. (অনুগ্রহ করে চাবিটি ঢোকান।)
Inside,ভেতরে,What is inside the box? (বাক্সের ভেতরে কী আছে?)
Insight,অন্তর্দৃষ্টি,He has a deep insight into human nature. (তার মানব প্রকৃতি সম্পর্কে গভীর অন্তর্দৃষ্টি আছে।)
Insist,জিদ করা,He insisted on paying the bill. (সে বিলটি পরিশোধ করার জন্য জিদ করেছিল।)
Inspect,পরিদর্শন করা,They came to inspect the factory. (তারা কারখানাটি পরিদর্শন করতে এসেছিল।)
Inspire,অনুপ্রাণিত করা,His speech inspired us. (তার বক্তৃতা আমাদেরকে অনুপ্রাণিত করেছিল।)
Instance,উদাহরণ,For instance, look at this. (উদাহরণস্বরূপ, এটি দেখুন।)
Instant,তাৎক্ষণিক,I need an instant reply. (আমার একটি তাৎক্ষণিক উত্তর দরকার।)
Instead,পরিবর্তে,I will have tea instead of coffee. (আমি কফির পরিবর্তে চা খাব।)
Instinct,সহজাত প্রবৃত্তি,Birds build nests by instinct. (পাখিরা সহজাত প্রবৃত্তি দ্বারা বাসা তৈরি করে।)
Institute,প্রতিষ্ঠান,He works at a research institute. (সে একটি গবেষণা প্রতিষ্ঠানে কাজ করে।)
Instruct,নির্দেশ দেওয়া,He instructed me to wait. (সে আমাকে অপেক্ষা করার নির্দেশ দিল।)
Instrument,যন্ত্র,A piano is a musical instrument. (একটি পিয়ানো একটি বাদ্যযন্ত্র।)
Insult,অপমান করা,Don't insult him. (তাকে অপমান করো না।)
Insure,বীমা করা,Is your car insured? (তোমার গাড়িটি কি বীমা করা আছে?)
Intact,অক্ষত,The house remained intact after the storm. (ঝড়ের পর বাড়িটি অক্ষত ছিল।)
Integrate,একীভূত করা,We need to integrate these two systems. (আমাদের এই দুটি সিস্টেমকে একীভূত করতে হবে।)
Intellect,বুদ্ধি,He is a man of great intellect. (তিনি একজন মহান বুদ্ধির মানুষ।)
Intelligence,বুদ্ধিমত্তা,He is known for his high intelligence. (সে তার উচ্চ বুদ্ধিমত্তার জন্য পরিচিত।)
Intelligent,বুদ্ধিমান,She is a very intelligent student. (সে খুব বুদ্ধিমান একজন ছাত্রী।)
Intense,তীব্র,He felt intense pain. (সে তীব্র যন্ত্রণা অনুভব করেছিল।)
Intensity,তীব্রতা,The intensity of the storm was high. (ঝড়ের তীব্রতা বেশি ছিল।)
Intent,উদ্দেশ্য,What is your intent? (তোমার উদ্দেশ্য কী?)
Intention,উদ্দেশ্য,I have no intention of harming you. (তোমাকে আঘাত করার কোনো উদ্দেশ্য আমার নেই।)
Interact,মিথস্ক্রিয়া করা,He interacts well with other children. (সে অন্য শিশুদের সাথে ভালোভাবে মিথস্ক্রিয়া করে।)
Internal,অভ্যন্তরীণ,This is an internal matter. (এটি একটি অভ্যন্তরীণ বিষয়।)
Interpret, ব্যাখ্যা করা,How do you interpret this poem? (তুমি এই কবিতাটি কীভাবে ব্যাখ্যা করো?)
Interrupt,বাধা দেওয়া,Please don't interrupt me. (অনুগ্রহ করে আমাকে বাধা দিও না।)
Interval,বিরতি,There will be a brief interval. (একটি সংক্ষিপ্ত বিরতি থাকবে।)
Interview,সাক্ষাৎকার,I have a job interview tomorrow. (আমার আগামীকাল একটি চাকরির সাক্ষাৎকার আছে।)
Intimate,অন্তরঙ্গ,They are intimate friends. (তারা অন্তরঙ্গ বন্ধু।)
Introduce,পরিচয় করিয়ে দেওয়া,Let me introduce my friend. (আমাকে আমার বন্ধুর সাথে পরিচয় করিয়ে দিন।)
Invade,আক্রমণ করা,The army invaded the country. (সেনাবাহিনী দেশটি আক্রমণ করেছিল।)
Invent,আবিষ্কার করা,Who invented the telephone? (কে টেলিফোন আবিষ্কার করেছিল?)
Invest,বিনিয়োগ করা,He invested all his money in stocks. (সে তার সব টাকা স্টকে বিনিয়োগ করেছিল।)
Investigate,তদন্ত করা,The police are investigating the case. (পুলিশ কেসটি তদন্ত করছে।)
Invisible,অদৃশ্য,Germs are invisible to the naked eye. (জীবাণু খালি চোখে অদৃশ্য।)
Invite,আমন্ত্রণ করা,Did he invite you to the party? (সে কি তোমাকে পার্টিতে আমন্ত্রণ করেছিল?)
Involve,জড়িত করা,The job involves a lot of travel. (কাজটিতে অনেক ভ্রমণ জড়িত আছে।)
Irony,বিদ্রূপ,The irony is that he failed the exam. (বিদ্রূপের বিষয় হলো সে পরীক্ষায় ফেল করেছে।)
Irritate,বিরক্ত করা,His constant complaining irritates me. (তার অবিরাম অভিযোগ আমাকে বিরক্ত করে।)
Island,দ্বীপ,They live on a remote island. (তারা একটি প্রত্যন্ত দ্বীপে বাস করে।)
Isolate,বিচ্ছিন্ন করা,He was isolated from other patients. (তাকে অন্য রোগীদের থেকে বিচ্ছিন্ন করা হয়েছিল।)
Issue,সমস্যা,We need to discuss this issue. (আমাদের এই সমস্যাটি নিয়ে আলোচনা করতে হবে।)
Item,আইটেম,How many items are on the list? (তালিকায় কতগুলি আইটেম আছে?)
Jail,জেল,He was sent to jail. (তাকে জেলে পাঠানো হয়েছিল।)
Jealous,ঈর্ষান্বিত,He is jealous of her success. (সে তার সাফল্যে ঈর্ষান্বিত।)
Jet,জেট,We traveled by jet. (আমরা জেটে ভ্রমণ করেছি।)
Jewel,রত্ন,The queen wore precious jewels. (রানী মূল্যবান রত্ন পরেছিলেন।)
Join,যোগদান করা,Would you like to join us? (তুমি কি আমাদের সাথে যোগদান করতে চাও?)
Joint,যৌথ,It was a joint decision. (এটি একটি যৌথ সিদ্ধান্ত ছিল।)
Joke,কৌতুক,He told a funny joke. (সে একটি মজার কৌতুক বললো।)
Journal,জার্নাল,He keeps a journal every day. (সে প্রতিদিন একটি জার্নাল রাখে।)
Journey,যাত্রা,He is on a long journey. (সে একটি দীর্ঘ যাত্রায় আছে।)
Joy,আনন্দ,She was filled with joy. (সে আনন্দে ভরে গিয়েছিল।)
Judge,বিচারক,He is a judge in the high court. (তিনি হাইকোর্টের একজন বিচারক।)
Judgment,বিচার,You must use your own judgment. (তোমাকে অবশ্যই তোমার নিজের বিচার ব্যবহার করতে হবে।)
Juice,রস,I like orange juice. (আমি কমলার রস পছন্দ করি।)
Jump,লাফ দেওয়া,Can you jump over the wall? (তুমি কি দেয়ালের উপর দিয়ে লাফ দিতে পারো?)
Junior,কনিষ্ঠ,He is my junior colleague. (সে আমার কনিষ্ঠ সহকর্মী।)
Jury,জুরি,The jury found him guilty. (জুরি তাকে দোষী সাব্যস্ত করেছিল।)
Just,শুধু,I just finished my work. (আমি শুধু আমার কাজটি শেষ করেছি।)
Justice,ন্যায়বিচার,We demand justice. (আমরা ন্যায়বিচার চাই।)
Justify,যৌক্তিকতা দেওয়া,How can you justify your actions? (তুমি তোমার কাজের যৌক্তিকতা কীভাবে দেবে?)
Keen,আগ্রহী,He is keen to learn. (সে শিখতে আগ্রহী।)
Keep,রাখা,Please keep this secret. (অনুগ্রহ করে এটি গোপন রেখো।)
Key,চাবি,Where is the key? (চাবিটি কোথায়?)
Kick,লাথি মারা,He kicked the ball. (সে বলটিতে লাথি মারল।)
Kid,শিশু,He is just a kid. (সে কেবল একটি শিশু।)
Kill,হত্যা করা,It is wrong to kill animals. (প্রাণী হত্যা করা ভুল।)
Kind,দয়ালু,He is a very kind man. (তিনি খুব দয়ালু একজন মানুষ।)
King,রাজা,He is the king of the country. (তিনি দেশের রাজা।)
Kiss,চুমু দেওয়া,She kissed her child. (সে তার সন্তানকে চুমু দিল।)
Kitchen,রান্নাঘর,She is in the kitchen. (সে রান্নাঘরে আছে।)
Knee,হাঁটু,He fell on his knees. (সে তার হাঁটুর উপর পড়ল।)
Knife,ছুরি,Be careful with that knife. (ওই ছুরিটি নিয়ে সতর্ক থেকো।)
Knock,টোকামারা,Someone is knocking at the door. (কেউ দরজায় টোকা মারছে।)
Know,জানা,Do you know his name? (তুমি কি তার নাম জানো?)
Knowledge,জ্ঞান,He has a vast knowledge. (তার বিশাল জ্ঞান রয়েছে।)
Label,লেবেল,Please read the label on the bottle. (অনুগ্রহ করে বোতলের লেবেলটি পড়ুন।)
Labor,শ্রম,He is doing hard labor. (সে কঠোর শ্রম করছে।)
Lack,অভাব,He suffers from a lack of confidence. (সে আত্মবিশ্বাসের অভাবে ভোগে।)
Ladder,মই,He climbed up the ladder. (সে মই বেয়ে উপরে উঠল।)
Lady,ভদ্রমহিলা,She is a kind lady. (তিনি একজন দয়ালু ভদ্রমহিলা।)
Lake,হ্রদ,The lake is very deep. (হ্রদটি খুব গভীর।)
Land,জমি,He bought a piece of land. (সে এক টুকরো জমি কিনেছিল।)
Landscape,ভূদৃশ্য,The landscape is beautiful. (ভূদৃশ্যটি সুন্দর।)
Language,ভাষা,What language do you speak? (তুমি কোন ভাষায় কথা বলো?)
Large,বড়,He lives in a large house. (সে একটি বড় বাড়িতে বাস করে।)
Laser,লেজার,They used a laser beam. (তারা একটি লেজার রশ্মি ব্যবহার করেছিল।)
Last,শেষ,This is the last chance. (এটিই শেষ সুযোগ।)
Late,দেরি,Why are you late? (তোমার দেরি কেন?)
Laugh,হাসা,Don't laugh at him. (তাকে নিয়ে হেসো না।)
Launch,চালু করা,They will launch the new product next month. (তারা আগামী মাসে নতুন পণ্যটি চালু করবে।)
Law,আইন,We must obey the law. (আমাদের অবশ্যই আইন মানতে হবে।)
Lawyer,আইনজীবী,He is a famous lawyer. (তিনি একজন বিখ্যাত আইনজীবী।)
Lay,রাখা,Please lay the table. (অনুগ্রহ করে টেবিলটি সাজাও।)
Layer,স্তর,The cake has three layers. (কেকটির তিনটি স্তর আছে।)
Lazy,অলস,He is a very lazy boy. (সে খুব অলস একটি ছেলে।)
Lead,নেতৃত্ব দেওয়া,He will lead the team. (সে দলটিকে নেতৃত্ব দেবে।)
Leader,নেতা,He is a great leader. (তিনি একজন মহান নেতা।)
Leaf,পাতা,The leaves are falling from the tree. (গাছ থেকে পাতা ঝরছে।)
League,লিগ,He plays in a football league. (সে একটি ফুটবল লিগে খেলে।)
Lean,ঝোঁকা,Don't lean against the wall. (দেয়ালে হেলান দিও না।)
Leap,লাফ দেওয়া,He leaped over the fence. (সে বেড়ার উপর দিয়ে লাফ দিল।)
Learn,শেখা,I want to learn English. (আমি ইংরেজি শিখতে চাই।)
Lease,ইজারা,He has a lease on the apartment. (তার অ্যাপার্টমেন্টে একটি ইজারা আছে।)
Least,সবচেয়ে কম,He has the least money. (তার কাছে সবচেয়ে কম টাকা আছে।)
Leave,ত্যাগ করা,What time does the train leave? (ট্রেনটি কখন ছাড়বে?)
Lecture,বক্তৃতা,I attended his lecture. (আমি তার বক্তৃতায় অংশ নিয়েছিলাম।)
Left,বাম,Turn left at the corner. (কোণে বাম দিকে ঘুরুন।)
Leg,পা,He broke his leg. (সে তার পা ভেঙে ফেলেছিল।)
Legal,আইনি,Is this legal? (এটা কি আইনি?)
Legend,কিংবদন্তি,He is a legend in music. (সে সঙ্গীতের একজন কিংবদন্তি।)
Leisure,অবসর,What do you do in your leisure time? (তুমি তোমার অবসর সময়ে কী করো?)
Lend,ধার দেওয়া,Can you lend me some money? (তুমি কি আমাকে কিছু টাকা ধার দিতে পারো?)
Length,দৈর্ঘ্য,What is the length of this road? (এই রাস্তাটির দৈর্ঘ্য কত?)
Less,কম,You should eat less sugar. (তোমার কম চিনি খাওয়া উচিত।)
Lesson,পাঠ,What is today's lesson? (আজকের পাঠ কী?)
Level,স্তর,What is your level of English? (তোমার ইংরেজির স্তর কী?)
Liberal,উদার,He has liberal views. (তার উদার মতামত আছে।)
Liberty,স্বাধীনতা,We fought for our liberty. (আমরা আমাদের স্বাধীনতার জন্য লড়াই করেছিলাম।)
Library,গ্রন্থাগার,I am going to the library. (আমি গ্রন্থাগারে যাচ্ছি।)
License,লাইসেন্স,Do you have a driver's license? (তোমার কি ড্রাইভিং লাইসেন্স আছে?)
Lid,ঢাকনা,Put a lid on the pot. (পাত্রটির উপর একটি ঢাকনা দাও।)
Lie,মিথ্যা বলা,Don't lie to me. (আমাকে মিথ্যা বলো না।)
Life,জীবন,Life is beautiful. (জীবন সুন্দর।)
Lift,তোলা,Can you lift this box? (তুমি কি এই বাক্সটি তুলতে পারো?)
Light,আলো,Turn on the light. (আলোটি জ্বালাও।)
Like,পছন্দ করা,I like this song. (আমি এই গানটি পছন্দ করি।)
Likely,সম্ভবত,It is likely to rain. (সম্ভবত বৃষ্টি হবে।)
Limit,সীমা,You need to limit your spending. (তোমাকে তোমার খরচ সীমিত করতে হবে।)
Line,লাইন,Please stand in a line. (অনুগ্রহ করে একটি লাইনে দাঁড়াও।)
Link,সংযোগ,There is a link between smoking and cancer. (ধূমপান এবং ক্যান্সারের মধ্যে একটি সংযোগ আছে।)
Lip,ঠোঁট,She has red lips. (তার লাল ঠোঁট আছে।)
Liquid,তরল,Water is a liquid. (পানি একটি তরল।)
List,তালিকা,Make a list of what you need. (তোমার যা প্রয়োজন তার একটি তালিকা তৈরি করো।)
Listen,শোনা,Please listen to me. (অনুগ্রহ করে আমার কথা শোনো।)
Literal,আক্ষরিক,What is the literal meaning? (আক্ষরিক অর্থ কী?)
Literature,সাহিত্য,He is studying English literature. (সে ইংরেজি সাহিত্য নিয়ে পড়াশোনা করছে।)
Little,ছোট,She has a little dog. (তার একটি ছোট কুকুর আছে।)
Live,বাস করা,Where do you live? (তুমি কোথায় বাস করো?)
Load,বোঝা,The truck is carrying a heavy load. (ট্রাকটি একটি ভারী বোঝা বহন করছে।)
Loan,ঋণ,He applied for a bank loan. (সে একটি ব্যাংক ঋণের জন্য আবেদন করেছিল।)
Local,স্থানীয়,I buy vegetables from the local market. (আমি স্থানীয় বাজার থেকে সবজি কিনি।)
Locate,অবস্থান করা,Can you locate this city on the map? (তুমি কি মানচিত্রে এই শহরটির অবস্থান দেখাতে পারো?)
Location,অবস্থান,What is your current location? (তোমার বর্তমান অবস্থান কী?)
Lock,তালা,Did you lock the door? (তুমি কি দরজায় তালা দিয়েছিলে?)
Logic,যুক্তি,There is no logic in his argument. (তার যুক্তিতে কোনো যুক্তি নেই।)
Lonely,একাকী,He feels lonely. (সে একাকী বোধ করে।)
Long,লম্বা,She has long hair. (তার লম্বা চুল আছে।)
Look,তাকানো,Look at this picture. (এই ছবিটির দিকে তাকাও।)
Loose,ঢিলা,This shirt is too loose for me. (এই শার্টটি আমার জন্য খুব ঢিলা।)
Lord,প্রভু,He is the lord of the land. (তিনি এই জমির প্রভু।)
Lose,হারানো,I don't want to lose this game. (আমি এই খেলাটি হারতে চাই না।)
Loss,ক্ষতি,It was a big loss for the company. (এটি কোম্পানির জন্য একটি বড় ক্ষতি ছিল।)
Lot,অনেক,He has a lot of money. (তার অনেক টাকা আছে।)
Loud,উচ্চস্বরে,Don't talk so loud. (এত উচ্চস্বরে কথা বলো না।)
Love,ভালোবাসা,I love my country. (আমি আমার দেশকে ভালোবাসি।)
Low,নিচু,The price is very low. (দামটি খুব নিচু।)
Loyal,বিশ্বস্ত,He is a loyal friend. (সে একজন বিশ্বস্ত বন্ধু।)
Luck,ভাগ্য,Good luck with your exam. (তোমার পরীক্ষার জন্য শুভকামনা।)
Lucky,ভাগ্যবান,He is very lucky. (সে খুব ভাগ্যবান।)
Lunch,দুপুরের খাবার,What did you have for lunch? (তুমি দুপুরের খাবারে কী খেয়েছিলে?)
Lung,ফুসফুস,Smoking is bad for your lungs. (ধূমপান তোমার ফুসফুসের জন্য খারাপ।)
Machine,যন্ত্র,This is a complex machine. (এটি একটি জটিল যন্ত্র।)
Mad,পাগল,Are you mad? (তুমি কি পাগল?)
Magazine,ম্যাগাজিন,I read this magazine. (আমি এই ম্যাগাজিনটি পড়ি।)
Magic,জাদু,Do you believe in magic? (তুমি কি জাদুতে বিশ্বাস করো?)
Mail,মেইল,Did you check your mail? (তুমি কি তোমার মেইল চেক করেছিলে?)
Main,প্রধান,What is the main reason? (প্রধান কারণটি কী?)
Maintain,বজায় রাখা,He finds it hard to maintain a diet. (তার পক্ষে ডায়েট বজায় রাখা কঠিন।)
Major,প্রধান,This is a major problem. (এটি একটি প্রধান সমস্যা।)
Majority,অধিকাংশ,The majority of people agreed. (অধিকাংশ মানুষ রাজি হয়েছিল।)
Make,তৈরি করা,She can make delicious cakes. (সে সুস্বাদু কেক তৈরি করতে পারে।)
Male,পুরুষ,Is the cat male or female? (বিড়ালটি কি পুরুষ না মহিলা?)
Man,মানুষ,He is a good man. (সে একজন ভালো মানুষ।)
Manage,পরিচালনা করা,She manages a large team. (সে একটি বড় দল পরিচালনা করে।)
Manager,ম্যানেজার,He is the manager of this store. (সে এই দোকানের ম্যানেজার।)
Mankind,মানবজাতি,This is a threat to mankind. (এটি মানবজাতির জন্য একটি হুমকি।)
Manner,আচরণ,He has good manners. (তার আচরণ ভালো।)
Manual,ম্যানুয়াল,Please read the instruction manual. (অনুগ্রহ করে নির্দেশিকা ম্যানুয়ালটি পড়ুন।)
Manufacture,উৎপাদন করা,The company manufactures cars. (কোম্পানিটি গাড়ি উৎপাদন করে।)
Many,অনেক,There are many books on the table. (টেবিলের উপর অনেক বই আছে।)
Map,মানচিত্র,Show me on the map. (আমাকে মানচিত্রে দেখাও।)
March,মার্চ,He marched with the soldiers. (সে সৈন্যদের সাথে মার্চ করেছিল।)
Margin,মার্জিন,Leave a margin on the left side. (বাম দিকে একটি মার্জিন রাখো।)
Mark,চিহ্ন,He made a mark on the wall. (সে দেয়ালে একটি চিহ্ন তৈরি করেছিল।)
Market,বাজার,I am going to the market. (আমি বাজারে যাচ্ছি।)
Marriage,বিয়ে,They have a happy marriage. (তাদের একটি সুখী দাম্পত্য আছে।)
Mask,মুখোশ,He is wearing a mask. (সে একটি মুখোশ পরে আছে।)
Mass,ভর,The mass of the object is 10kg. (বস্তুটির ভর ১০ কেজি।)
Massive,বিশাল,It was a massive explosion. (এটি একটি বিশাল বিস্ফোরণ ছিল।)
Master,মাস্টার,He is a master of this craft. (সে এই কারুশিল্পের একজন মাস্টার।)
Match,ম্যাচ,Did you watch the match? (তুমি কি ম্যাচটি দেখেছিলে?)
Material,উপাদান,What material is this made of? (এটি কোন উপাদান দিয়ে তৈরি?)
Math,গণিত,I am good at math. (আমি গণিতে ভালো।)
Matter,ব্যাপার,What is the matter? (ব্যাপারটি কী?)
Mature,পরিপক্ক,He is very mature for his age. (সে তার বয়সের তুলনায় খুব পরিপক্ক।)
Maximum,সর্বোচ্চ,What is the maximum speed? (সর্বোচ্চ গতি কত?)
Maybe,হয়তো,Maybe he will come. (হয়তো সে আসবে।)
Meal,খাবার,I had a big meal. (আমি একটি বড় খাবার খেয়েছিলাম।)
Mean,মানে,What does this word mean? (এই শব্দটির মানে কী?)
Meaning,অর্থ,What is the meaning of this word? (এই শব্দটির অর্থ কী?)
Means,উপায়,We need to find a means to solve this. (আমাদের এটি সমাধান করার একটি উপায় খুঁজে বের করতে হবে।)
Measure,পরিমাপ করা,We need to measure the room. (আমাদের ঘরটি পরিমাপ করতে হবে।)
Meat,মাংস,I don't eat meat. (আমি মাংস খাই না।)
Media,মিডিয়া,The media covered the event. (মিডিয়া ঘটনাটি কভার করেছিল।)
Medical,চিকিৎসা,He needs medical attention. (তার চিকিৎসা মনোযোগ প্রয়োজন।)
Medicine,ঔষধ,Take your medicine on time. (তোমার ঔষধ সময়মতো নাও।)